order_id,cust_id,product_id,order_datetime,payment_method,shipping_address,shipping_cost,tax,discount,order_total
ord_00001,cust_0109,prod_165,2023-10-09 02:35:00,cash,608 oak ave,17.2,6.83,48.89,710.25
ord_00002,cust_0279,prod_154,,bank_transfer,5636 main st,16.11,17.13,10.09,63.82
ord_00003,cust_0006,prod_070,2023-12-12 14:59:00,debit_card,7410 oak ave,24.84,7.46,0.0,656.66
ord_00004,cust_0248,prod_102,2023-10-13 16:44:00,credit_card,4492 oak ave,14.14,41.12,0.0,118.88
ord_00005,cust_0353,prod_197,2023-09-09 04:55:00,paypal,8501 pine rd,6.45,14.05,0.0,246.92
ord_00006,cust_0348,prod_081,2023-04-23 19:48:00,credit_card,107 main st,15.8,23.75,24.56,246.48
ord_00007,cust_0361,prod_066,2023-09-06 08:44:00,paypal,6350 oak ave,0.0,9.9,0.0,595.77
ord_00008,cust_0422,prod_152,2023-08-01 18:43:00,credit_card,1584 main st,0.0,15.28,0.0,224.4
ord_00009,cust_0426,prod_123,2023-04-28 11:46:00,bank_transfer,9660 oak ave,0.0,37.74,0.0,375.07
ord_00010,cust_0008,prod_148,,paypal,4685 main st,23.16,48.77,47.73,456.51
ord_00011,cust_0185,prod_096,2023-09-26 06:03:00,debit_card,5957 oak ave,14.34,28.2,0.0,517.69
ord_00012,cust_0107,prod_115,,paypal,1182 oak ave,13.92,11.15,0.0,536.57
ord_00013,cust_0259,prod_142,2023-03-19 10:24:00,bank_transfer,1950 pine rd,15.33,28.14,2.52,114.13
ord_00014,cust_0112,prod_194,2023-10-24 22:38:00,credit_card,3880 oak ave,8.64,50.77,0.0,552.31
ord_00015,cust_0020,prod_086,2023-10-12 06:04:00,bank_transfer,9514 main st,10.79,15.15,0.0,66.55
ord_00016,cust_0177,prod_081,,paypal,702 main st,0.0,26.69,0.0,123.51
ord_00017,cust_0460,prod_156,2023-06-26 03:01:00,bank_transfer,340 main st,0.0,25.28,0.0,169.64
ord_00018,cust_0349,prod_019,2023-04-17 12:03:00,credit_card,8161 main st,9.17,16.72,0.0,219.14
ord_00019,cust_0421,prod_007,2023-12-09 12:14:00,bank_transfer,8491 oak ave,11.37,13.53,0.0,565.76
ord_00020,cust_0255,prod_045,,debit_card,4733 main st,14.13,40.83,0.0,478.62
ord_00021,cust_0083,prod_039,2023-07-24 16:31:00,debit_card,5894 pine rd,0.0,46.45,0.0,92.09
ord_00022,cust_0091,prod_080,2023-05-18 14:07:00,credit_card,6378 main st,0.0,7.86,20.45,725.06
ord_00023,cust_0051,prod_029,2023-06-05 03:49:00,cash,9354 pine rd,12.59,22.82,0.0,85.86
ord_00024,cust_0213,prod_136,,cash,678 pine rd,14.24,39.77,0.0,702.82
ord_00025,cust_0425,prod_010,2023-01-18 15:47:00,debit_card,6072 main st,24.35,42.68,0.0,232.67
ord_00026,cust_0325,prod_063,,paypal,349 pine rd,8.71,4.73,47.83,82.58
ord_00027,cust_0397,prod_057,2023-08-26 12:27:00,debit_card,7322 pine rd,22.27,38.98,6.57,445.64
ord_00028,cust_0479,prod_148,2023-04-13 22:26:00,debit_card,1420 oak ave,11.2,34.95,0.0,613.22
ord_00029,cust_0197,prod_012,,bank_transfer,8713 main st,13.08,39.26,0.0,830.42
ord_00030,cust_0090,prod_029,2023-04-24 17:51:00,cash,9930 main st,5.46,18.54,0.0,368.12
ord_00031,cust_0132,prod_003,2023-05-19 14:11:00,cash,2760 oak ave,22.75,27.57,12.93,303.63
ord_00032,cust_0459,prod_085,2023-10-28 01:53:00,credit_card,89 oak ave,20.5,20.51,3.67,138.15
ord_00033,cust_0218,prod_121,2023-04-20 00:12:00,debit_card,7594 main st,6.96,37.5,17.6,146.33
ord_00034,cust_0246,prod_047,2023-03-22 11:29:00,credit_card,6742 pine rd,0.0,48.61,0.0,326.1
ord_00035,cust_0491,prod_048,2023-02-24 10:38:00,cash,5481 pine rd,16.77,28.25,26.12,788.17
ord_00036,cust_0255,prod_141,2023-04-17 20:31:00,bank_transfer,4006 main st,9.8,15.27,0.0,219.54
ord_00037,cust_0312,prod_081,2023-05-07 03:22:00,paypal,3621 oak ave,13.39,44.42,27.37,171.53
ord_00038,cust_0464,prod_171,2023-01-14 04:54:00,credit_card,2345 oak ave,9.18,3.74,27.13,592.49
ord_00039,cust_0131,prod_102,2023-07-23 00:31:00,cash,3427 main st,6.29,26.76,0.0,276.86
ord_00040,cust_0142,prod_082,2023-04-02 16:37:00,debit_card,8459 main st,17.02,51.42,0.0,700.59
ord_00041,cust_0339,prod_002,2023-06-09 10:07:00,paypal,2042 main st,5.84,2.78,0.0,726.91
ord_00042,cust_0330,prod_182,,credit_card,3560 main st,23.47,10.62,0.0,299.66
ord_00043,cust_0022,prod_119,,paypal,9946 oak ave,17.67,47.57,0.0,453.01
ord_00044,cust_0487,prod_168,2023-05-10 08:08:00,paypal,7085 oak ave,22.05,51.71,49.2,717.84
ord_00045,cust_0155,prod_194,,debit_card,6300 oak ave,5.89,13.06,0.0,558.66
ord_00046,cust_0428,prod_141,,bank_transfer,1150 oak ave,20.11,23.0,0.0,159.53
ord_00047,cust_0323,prod_034,2023-08-07 04:44:00,bank_transfer,8184 pine rd,0.0,38.91,0.0,761.37
ord_00048,cust_0023,prod_065,2023-06-25 09:22:00,bank_transfer,6922 oak ave,0.0,38.02,0.0,812.47
ord_00049,cust_0446,prod_173,2023-05-08 22:25:00,bank_transfer,3875 main st,23.67,20.92,0.0,795.59
ord_00050,cust_0429,prod_100,2023-09-22 20:01:00,cash,3877 main st,7.61,30.49,0.0,151.14
ord_00051,cust_0291,prod_146,2023-06-10 02:45:00,paypal,6929 oak ave,11.94,30.14,39.62,698.43
ord_00052,cust_0084,prod_058,2023-01-19 22:18:00,credit_card,9091 pine rd,6.33,30.37,0.0,647.0
ord_00053,cust_0119,prod_134,2023-02-25 20:51:00,debit_card,8532 pine rd,0.0,11.44,0.0,540.94
ord_00054,cust_0307,prod_134,2023-02-15 00:08:00,bank_transfer,6184 main st,0.0,7.44,25.68,492.12
ord_00055,cust_0131,prod_065,2023-10-06 00:22:00,debit_card,999 pine rd,5.05,41.05,0.0,538.14
ord_00056,cust_0050,prod_052,2023-01-14 04:32:00,debit_card,7231 pine rd,0.0,18.95,0.0,535.26
ord_00057,cust_0197,prod_084,2023-06-28 16:15:00,credit_card,1631 main st,20.13,48.41,0.0,435.64
ord_00058,cust_0301,prod_018,2023-06-16 17:17:00,paypal,1990 oak ave,0.0,38.46,0.0,348.69
ord_00059,cust_0405,prod_012,2023-08-01 04:09:00,paypal,7255 oak ave,17.97,36.49,16.2,276.85
ord_00060,cust_0163,prod_024,2023-09-04 16:56:00,credit_card,4663 pine rd,0.0,38.82,0.0,203.0
ord_00061,cust_0146,prod_121,2023-01-03 05:34:00,bank_transfer,609 main st,0.0,17.91,11.01,711.86
ord_00062,cust_0421,prod_126,2023-03-07 04:55:00,paypal,614 main st,0.0,42.03,12.94,287.35
ord_00063,cust_0353,prod_084,,cash,4718 oak ave,0.0,7.66,44.81,416.17
ord_00064,cust_0096,prod_163,2023-08-25 01:05:00,paypal,140 pine rd,0.0,28.42,0.0,460.89
ord_00065,cust_0500,prod_108,2023-08-06 09:01:00,paypal,4930 oak ave,0.0,4.39,0.0,205.33
ord_00066,cust_0327,prod_167,2023-03-06 16:37:00,debit_card,6681 oak ave,22.47,23.16,0.0,98.39
ord_00067,cust_0315,prod_148,2023-09-27 09:32:00,credit_card,2753 pine rd,13.76,28.19,0.0,265.85
ord_00068,cust_0114,prod_155,2023-04-13 10:38:00,paypal,9102 pine rd,8.24,5.16,49.01,483.38
ord_00069,cust_0053,prod_036,2023-04-13 14:09:00,paypal,9681 pine rd,10.0,2.2,32.44,732.77
ord_00070,cust_0448,prod_117,2023-09-25 20:39:00,debit_card,1269 oak ave,13.43,11.07,0.0,226.47
ord_00071,cust_0148,prod_070,2023-06-04 12:37:00,debit_card,3308 pine rd,24.46,9.64,0.0,605.46
ord_00072,cust_0118,prod_057,2023-03-04 06:42:00,paypal,2912 pine rd,23.61,10.23,0.0,452.45
ord_00073,cust_0089,prod_023,2023-01-27 18:48:00,cash,8736 main st,23.23,51.86,0.0,66.14
ord_00074,cust_0067,prod_002,2023-02-12 19:18:00,bank_transfer,3097 oak ave,11.74,4.59,42.77,100.57
ord_00075,cust_0279,prod_005,,debit_card,6220 main st,0.0,15.48,35.82,382.56
ord_00076,cust_0138,prod_197,2023-05-10 02:48:00,bank_transfer,1894 main st,6.3,15.03,0.0,772.56
ord_00077,cust_0364,prod_058,2023-02-09 03:56:00,cash,4920 pine rd,0.0,21.35,0.0,482.35
ord_00078,cust_0039,prod_019,2023-02-23 08:00:00,debit_card,1280 oak ave,16.91,7.19,9.91,64.78
ord_00079,cust_0206,prod_162,,credit_card,8258 oak ave,15.18,16.16,40.92,280.5
ord_00080,cust_0144,prod_134,,bank_transfer,782 main st,0.0,8.62,0.0,474.45
ord_00081,cust_0385,prod_075,2023-04-13 14:16:00,paypal,9773 main st,18.53,29.59,21.29,374.9
ord_00082,cust_0489,prod_032,,debit_card,2218 main st,24.09,42.78,11.78,355.38
ord_00083,cust_0126,prod_104,2023-08-11 08:35:00,debit_card,3279 pine rd,19.6,14.97,15.22,73.4
ord_00084,cust_0390,prod_018,2023-01-06 00:03:00,debit_card,7478 pine rd,0.0,42.77,0.0,113.85
ord_00085,cust_0242,prod_077,2023-09-07 02:34:00,debit_card,9722 main st,0.0,19.39,0.0,207.1
ord_00086,cust_0174,prod_165,2023-08-12 21:36:00,paypal,3457 main st,9.79,45.38,0.0,504.29
ord_00087,cust_0374,prod_191,,paypal,954 pine rd,8.92,5.79,0.0,331.66
ord_00088,cust_0214,prod_176,2023-08-17 01:49:00,bank_transfer,1225 oak ave,0.0,26.77,0.0,406.4
ord_00089,cust_0305,prod_040,2023-04-07 04:45:00,credit_card,3013 oak ave,19.86,36.09,0.0,143.72
ord_00090,cust_0444,prod_110,2023-08-19 15:35:00,paypal,1113 pine rd,23.23,11.69,0.0,432.75
ord_00091,cust_0048,prod_124,2023-03-11 11:29:00,cash,7921 pine rd,23.7,39.49,0.0,600.22
ord_00092,cust_0132,prod_057,2023-06-25 19:18:00,paypal,3832 main st,0.0,34.53,7.59,500.66
ord_00093,cust_0066,prod_131,2023-12-08 12:58:00,credit_card,6342 pine rd,20.75,40.82,17.65,389.55
ord_00094,cust_0259,prod_137,2023-09-13 14:23:00,credit_card,1207 pine rd,19.03,15.93,9.92,143.5
ord_00095,cust_0429,prod_185,2023-09-20 06:54:00,bank_transfer,4642 oak ave,24.93,10.32,0.0,211.05
ord_00096,cust_0360,prod_126,,credit_card,1154 main st,6.95,10.32,45.45,769.07
ord_00097,cust_0104,prod_179,2023-06-03 15:06:00,bank_transfer,3503 main st,0.0,39.01,8.26,542.86
ord_00098,cust_0041,prod_093,2023-07-17 23:00:00,credit_card,7411 oak ave,13.29,9.78,0.0,256.61
ord_00099,cust_0190,prod_096,2023-01-09 17:30:00,debit_card,9230 main st,21.94,2.89,22.38,161.48
ord_00100,cust_0487,prod_021,2023-12-21 00:12:00,credit_card,8347 oak ave,0.0,35.67,0.0,233.3
ord_00101,cust_0311,prod_023,,bank_transfer,5704 pine rd,0.0,40.86,0.0,700.33
ord_00102,cust_0285,prod_105,2023-04-08 07:42:00,bank_transfer,3134 oak ave,8.64,15.18,0.0,792.13
ord_00103,cust_0298,prod_018,,bank_transfer,7141 pine rd,10.62,51.46,0.0,658.84
ord_00104,cust_0408,prod_015,2023-07-06 18:02:00,credit_card,3017 main st,0.0,40.64,0.0,120.04
ord_00105,cust_0459,prod_133,2023-11-12 18:07:00,bank_transfer,1894 main st,17.99,30.92,27.79,364.41
ord_00106,cust_0172,prod_178,2023-03-25 02:25:00,credit_card,6833 pine rd,15.39,19.58,9.64,225.59
ord_00107,cust_0136,prod_031,2023-09-22 03:59:00,cash,6975 main st,6.95,8.98,0.0,82.1
ord_00108,cust_0425,prod_156,,credit_card,9719 pine rd,0.0,41.06,0.0,621.12
ord_00109,cust_0153,prod_037,,bank_transfer,354 pine rd,16.96,3.71,0.0,691.66
ord_00110,cust_0143,prod_145,2023-10-19 04:06:00,paypal,5367 main st,0.0,9.26,34.95,113.47
ord_00111,cust_0124,prod_152,,cash,3627 main st,23.35,4.96,0.0,341.81
ord_00112,cust_0079,prod_056,2023-12-23 02:38:00,credit_card,5628 oak ave,24.49,27.59,0.0,808.34
ord_00113,cust_0152,prod_197,2023-02-07 23:15:00,bank_transfer,2601 main st,5.43,22.82,0.0,328.17
ord_00114,cust_0310,prod_083,2023-07-04 21:40:00,credit_card,1634 pine rd,0.0,22.67,40.0,227.4
ord_00115,cust_0094,prod_107,2023-06-16 21:10:00,cash,9400 pine rd,0.0,7.78,0.0,383.88
ord_00116,cust_0299,prod_085,2023-12-20 22:39:00,credit_card,5817 main st,23.38,16.0,40.05,123.55
ord_00117,cust_0315,prod_125,2023-06-03 07:59:00,debit_card,9512 oak ave,9.44,35.02,0.0,529.63
ord_00118,cust_0167,prod_166,,cash,2233 pine rd,17.35,28.29,37.69,141.37
ord_00119,cust_0450,prod_086,2023-03-08 19:50:00,credit_card,1608 main st,16.53,24.74,0.0,68.27
ord_00120,cust_0340,prod_199,2023-12-11 03:50:00,bank_transfer,8978 pine rd,23.41,12.67,39.15,66.31
ord_00121,cust_0221,prod_175,2023-05-01 16:31:00,paypal,2003 main st,20.19,51.72,0.0,393.84
ord_00122,cust_0198,prod_057,,bank_transfer,9828 pine rd,8.75,12.5,0.0,742.69
ord_00123,cust_0488,prod_062,2023-12-12 03:37:00,paypal,6156 oak ave,19.04,9.21,0.0,214.22
ord_00124,cust_0184,prod_113,2023-02-06 20:54:00,debit_card,4735 main st,0.0,3.44,0.0,458.66
ord_00125,cust_0287,prod_011,2023-09-23 22:24:00,cash,6786 main st,12.0,37.09,13.47,634.1
ord_00126,cust_0384,prod_082,2023-08-17 16:36:00,paypal,2705 pine rd,13.24,35.32,0.0,759.46
ord_00127,cust_0047,prod_100,2023-11-20 03:50:00,paypal,742 main st,9.74,2.61,0.0,711.85
ord_00128,cust_0238,prod_063,2023-09-07 00:03:00,paypal,9295 pine rd,0.0,14.82,0.0,160.02
ord_00129,cust_0457,prod_047,2023-04-09 05:34:00,credit_card,9796 main st,0.0,38.61,0.0,523.14
ord_00130,cust_0368,prod_001,,cash,1673 main st,12.91,21.11,26.38,150.43
ord_00131,cust_0041,prod_132,2023-02-26 20:50:00,cash,1650 main st,6.35,13.17,0.0,100.72
ord_00132,cust_0223,prod_145,2023-03-23 03:57:00,credit_card,93 oak ave,20.58,22.32,23.52,663.22
ord_00133,cust_0342,prod_113,2023-05-13 07:52:00,paypal,5499 oak ave,10.44,40.51,0.0,337.79
ord_00134,cust_0421,prod_042,2023-11-24 03:06:00,bank_transfer,6379 main st,11.5,4.31,0.71,404.52
ord_00135,cust_0173,prod_104,,cash,738 oak ave,8.35,25.41,0.0,512.04
ord_00136,cust_0423,prod_069,2023-11-15 06:59:00,debit_card,8629 oak ave,0.0,41.12,0.0,362.48
ord_00137,cust_0299,prod_123,2023-08-23 01:02:00,debit_card,5097 oak ave,13.24,10.77,0.0,711.57
ord_00138,cust_0248,prod_053,2023-01-27 11:39:00,credit_card,5119 oak ave,0.0,27.73,0.0,277.75
ord_00139,cust_0436,prod_142,2023-04-16 23:46:00,credit_card,3339 main st,19.26,30.25,0.0,737.53
ord_00140,cust_0170,prod_100,2023-10-22 16:32:00,bank_transfer,6 main st,20.15,31.63,0.0,452.47
ord_00141,cust_0480,prod_010,2023-10-14 23:37:00,credit_card,1788 pine rd,8.75,48.95,0.0,833.94
ord_00142,cust_0208,prod_200,,bank_transfer,9750 pine rd,8.56,20.18,0.0,417.97
ord_00143,cust_0019,prod_138,2023-10-03 19:27:00,cash,2241 main st,17.95,51.24,30.77,311.98
ord_00144,cust_0035,prod_018,2023-09-06 14:16:00,paypal,2602 pine rd,24.9,41.05,0.0,711.87
ord_00145,cust_0022,prod_120,,debit_card,3138 oak ave,22.21,28.49,0.0,607.15
ord_00146,cust_0251,prod_171,,debit_card,2164 main st,24.99,32.11,0.0,146.27
ord_00147,cust_0293,prod_187,2023-01-16 19:57:00,cash,7316 main st,15.64,25.53,0.0,733.71
ord_00148,cust_0065,prod_061,,debit_card,1075 oak ave,9.69,11.75,0.0,402.44
ord_00149,cust_0158,prod_200,2023-02-18 15:31:00,bank_transfer,2217 pine rd,14.67,35.89,0.0,247.11
ord_00150,cust_0460,prod_141,2023-03-05 07:51:00,credit_card,8467 pine rd,0.0,15.88,0.0,428.36
ord_00151,cust_0262,prod_131,,paypal,7656 oak ave,14.08,49.44,0.0,638.96
ord_00152,cust_0018,prod_134,2023-03-02 19:52:00,cash,4635 pine rd,20.06,26.77,14.19,696.64
ord_00153,cust_0047,prod_057,2023-07-24 22:18:00,credit_card,8071 oak ave,21.22,45.95,0.0,510.21
ord_00154,cust_0244,prod_187,2023-09-25 18:16:00,debit_card,1725 main st,23.24,30.67,19.77,378.28
ord_00155,cust_0367,prod_041,2023-10-09 23:43:00,cash,513 oak ave,0.0,12.53,41.55,211.03
ord_00156,cust_0392,prod_002,2023-12-05 19:02:00,paypal,2046 pine rd,0.0,48.32,0.0,602.6
ord_00157,cust_0198,prod_180,2023-06-05 07:38:00,bank_transfer,4586 oak ave,10.34,39.78,0.0,358.28
ord_00158,cust_0454,prod_134,2023-12-21 01:57:00,credit_card,467 main st,14.45,12.62,48.06,486.32
ord_00159,cust_0021,prod_163,2023-08-24 08:28:00,debit_card,2974 pine rd,20.54,48.09,0.0,100.46
ord_00160,cust_0059,prod_154,2023-02-03 19:32:00,debit_card,998 main st,22.35,28.8,0.0,486.87
ord_00161,cust_0469,prod_110,,cash,3590 pine rd,16.63,17.31,0.0,822.31
ord_00162,cust_0018,prod_019,2023-09-02 09:06:00,paypal,1796 oak ave,13.56,14.07,35.77,694.99
ord_00163,cust_0044,prod_071,2023-10-12 05:52:00,paypal,6291 main st,19.06,28.71,0.0,765.11
ord_00164,cust_0278,prod_054,2023-11-28 07:56:00,bank_transfer,4510 oak ave,16.85,20.52,0.0,139.56
ord_00165,cust_0455,prod_133,,debit_card,3888 pine rd,0.0,21.26,0.0,161.33
ord_00166,cust_0366,prod_141,2023-10-18 23:23:00,cash,8937 oak ave,23.68,23.26,28.17,763.7
ord_00167,cust_0011,prod_091,2023-07-12 00:24:00,cash,4213 main st,0.0,7.8,31.18,352.67
ord_00168,cust_0481,prod_144,,debit_card,145 pine rd,0.0,20.2,0.0,265.13
ord_00169,cust_0468,prod_176,2023-08-02 04:54:00,bank_transfer,7193 pine rd,9.47,11.93,0.0,200.33
ord_00170,cust_0499,prod_046,2023-12-03 09:52:00,debit_card,7968 oak ave,19.27,10.46,0.0,599.41
ord_00171,cust_0355,prod_172,2023-01-11 01:48:00,credit_card,6228 main st,16.64,45.17,0.0,441.59
ord_00172,cust_0069,prod_060,2023-06-27 23:42:00,cash,3903 main st,21.13,10.53,5.56,416.79
ord_00173,cust_0139,prod_119,2023-02-26 06:55:00,bank_transfer,4336 oak ave,23.08,45.21,0.0,733.51
ord_00174,cust_0440,prod_199,2023-11-15 04:53:00,bank_transfer,8510 pine rd,0.0,18.78,6.83,788.66
ord_00175,cust_0034,prod_048,2023-08-05 17:01:00,cash,5809 pine rd,7.2,41.79,0.0,564.93
ord_00176,cust_0059,prod_182,2023-02-18 11:09:00,bank_transfer,5179 main st,20.2,21.63,0.0,427.25
ord_00177,cust_0258,prod_196,2023-03-02 20:32:00,paypal,3659 pine rd,0.0,2.49,5.91,648.18
ord_00178,cust_0117,prod_037,2023-01-06 07:57:00,debit_card,8655 pine rd,6.37,13.53,0.0,462.17
ord_00179,cust_0188,prod_096,2023-01-17 17:05:00,credit_card,3768 main st,14.82,12.83,45.23,311.23
ord_00180,cust_0494,prod_088,2023-09-17 00:32:00,debit_card,8186 pine rd,0.0,40.51,28.06,538.47
ord_00181,cust_0042,prod_148,,paypal,8799 pine rd,19.55,3.85,46.65,490.96
ord_00182,cust_0119,prod_125,,cash,5760 oak ave,0.0,6.41,46.34,215.49
ord_00183,cust_0317,prod_171,2023-12-03 21:35:00,debit_card,7419 pine rd,0.0,36.16,12.66,519.14
ord_00184,cust_0421,prod_055,,credit_card,8360 pine rd,6.06,9.03,36.27,202.87
ord_00185,cust_0378,prod_149,,bank_transfer,7406 pine rd,24.26,46.27,20.03,233.37
ord_00186,cust_0304,prod_106,2023-09-19 20:31:00,bank_transfer,7569 pine rd,22.93,5.58,21.47,74.58
ord_00187,cust_0256,prod_006,2023-11-26 21:16:00,paypal,5303 main st,8.11,20.31,7.98,643.2
ord_00188,cust_0342,prod_013,2023-03-27 10:20:00,debit_card,9233 pine rd,0.0,16.44,6.59,709.61
ord_00189,cust_0222,prod_152,2023-01-18 20:49:00,credit_card,7337 oak ave,0.0,3.11,0.0,449.21
ord_00190,cust_0031,prod_143,2023-07-23 15:29:00,credit_card,9573 oak ave,0.0,39.38,30.84,267.31
ord_00191,cust_0153,prod_128,2023-04-19 06:08:00,cash,9494 oak ave,8.97,29.25,0.0,64.4
ord_00192,cust_0134,prod_079,2023-11-21 15:33:00,paypal,7491 pine rd,19.33,15.81,38.57,815.84
ord_00193,cust_0095,prod_046,,bank_transfer,8119 pine rd,5.37,10.48,49.71,598.75
ord_00194,cust_0235,prod_101,2023-05-21 20:51:00,paypal,6513 oak ave,16.27,27.16,0.0,744.15
ord_00195,cust_0376,prod_174,2023-08-21 01:02:00,debit_card,9335 pine rd,0.0,19.51,0.0,163.87
ord_00196,cust_0497,prod_007,2023-09-14 04:15:00,debit_card,3568 oak ave,7.08,18.77,0.0,201.83
ord_00197,cust_0392,prod_118,,paypal,7502 pine rd,8.79,26.55,45.02,192.07
ord_00198,cust_0043,prod_097,2023-01-31 20:39:00,bank_transfer,1124 pine rd,0.0,37.78,0.0,246.68
ord_00199,cust_0096,prod_181,2023-01-27 13:26:00,bank_transfer,1146 main st,0.0,49.82,0.0,458.92
ord_00200,cust_0437,prod_092,2023-03-06 19:33:00,paypal,4095 pine rd,13.61,49.84,7.52,629.29
ord_00201,cust_0380,prod_028,,debit_card,4366 pine rd,19.71,37.68,0.0,524.97
ord_00202,cust_0087,prod_033,,debit_card,5809 main st,20.81,12.98,6.0,192.22
ord_00203,cust_0069,prod_033,2023-09-26 22:29:00,paypal,5305 oak ave,21.99,18.34,0.0,228.99
ord_00204,cust_0205,prod_174,2023-03-28 08:27:00,cash,5871 pine rd,0.0,8.36,0.0,247.43
ord_00205,cust_0019,prod_098,2023-03-05 14:41:00,cash,5700 main st,15.48,33.57,0.0,599.99
ord_00206,cust_0097,prod_112,2023-08-24 17:36:00,debit_card,5255 pine rd,0.0,4.55,0.0,783.15
ord_00207,cust_0349,prod_024,2023-08-17 21:17:00,cash,5749 main st,13.62,33.4,0.0,533.9
ord_00208,cust_0069,prod_096,2023-12-17 01:48:00,bank_transfer,4005 main st,22.25,33.58,29.38,175.98
ord_00209,cust_0414,prod_086,2023-04-21 09:24:00,bank_transfer,6149 pine rd,11.13,37.32,46.66,712.72
ord_00210,cust_0261,prod_099,2023-03-11 00:30:00,debit_card,8877 pine rd,15.65,12.57,0.0,151.22
ord_00211,cust_0448,prod_011,2023-07-27 22:05:00,paypal,8191 oak ave,21.98,16.6,0.0,288.29
ord_00212,cust_0038,prod_147,,debit_card,9678 oak ave,22.02,34.51,15.85,111.42
ord_00213,cust_0248,prod_195,,cash,8579 oak ave,0.0,44.83,39.72,820.32
ord_00214,cust_0482,prod_003,2023-04-17 14:15:00,bank_transfer,2109 pine rd,0.0,31.73,0.0,222.82
ord_00215,cust_0428,prod_168,2023-08-12 19:18:00,debit_card,7952 oak ave,21.26,12.66,0.0,268.23
ord_00216,cust_0261,prod_039,2023-11-11 09:42:00,paypal,9723 oak ave,21.02,10.7,0.0,548.83
ord_00217,cust_0368,prod_161,2023-08-02 12:01:00,debit_card,6201 pine rd,17.54,15.12,0.0,416.59
ord_00218,cust_0474,prod_029,,bank_transfer,9114 main st,0.0,46.98,12.16,399.13
ord_00219,cust_0148,prod_119,2023-11-30 19:12:00,debit_card,4292 main st,11.69,4.95,0.0,474.52
ord_00220,cust_0119,prod_097,2023-12-08 08:15:00,bank_transfer,5571 pine rd,12.85,50.65,0.0,591.36
ord_00221,cust_0157,prod_038,2023-10-02 10:54:00,credit_card,1034 main st,0.0,40.16,0.0,816.73
ord_00222,cust_0285,prod_145,,debit_card,4252 oak ave,0.0,26.28,0.0,328.55
ord_00223,cust_0356,prod_141,,cash,9150 oak ave,11.37,5.41,0.0,380.69
ord_00224,cust_0182,prod_078,2023-08-05 00:15:00,cash,1757 oak ave,16.69,24.14,0.0,360.43
ord_00225,cust_0131,prod_182,2023-12-08 15:00:00,debit_card,1475 oak ave,6.66,19.43,47.1,830.57
ord_00226,cust_0271,prod_110,,credit_card,7868 pine rd,0.0,21.97,0.0,164.32
ord_00227,cust_0241,prod_151,2023-02-07 19:57:00,debit_card,6599 pine rd,10.24,43.84,0.0,334.59
ord_00228,cust_0104,prod_019,2023-08-19 07:23:00,cash,6647 main st,14.55,17.97,0.0,401.21
ord_00229,cust_0398,prod_086,2023-01-02 20:00:00,debit_card,103 pine rd,20.77,47.95,0.0,237.49
ord_00230,cust_0234,prod_150,2023-06-25 21:17:00,bank_transfer,5045 oak ave,10.36,15.99,0.0,210.14
ord_00231,cust_0490,prod_091,2023-11-22 03:47:00,paypal,7148 oak ave,8.89,17.45,0.19,452.73
ord_00232,cust_0198,prod_128,2023-02-08 03:39:00,paypal,8504 oak ave,6.58,39.14,0.0,824.9
ord_00233,cust_0088,prod_160,2023-04-02 23:13:00,bank_transfer,8471 pine rd,23.2,50.72,0.0,346.01
ord_00234,cust_0287,prod_175,,paypal,8938 main st,16.18,25.13,0.0,550.03
ord_00235,cust_0026,prod_046,2023-07-03 13:22:00,credit_card,8462 oak ave,14.22,35.14,0.0,671.39
ord_00236,cust_0062,prod_158,2023-04-19 22:46:00,bank_transfer,772 pine rd,6.34,37.81,0.0,527.45
ord_00237,cust_0253,prod_037,2023-12-15 19:51:00,paypal,7529 oak ave,0.0,15.23,0.0,813.99
ord_00238,cust_0285,prod_028,2023-03-08 09:27:00,debit_card,1211 main st,0.0,10.21,0.0,767.82
ord_00239,cust_0275,prod_014,2023-04-23 07:38:00,bank_transfer,3501 oak ave,23.75,18.62,0.0,742.86
ord_00240,cust_0014,prod_116,2023-12-25 10:16:00,cash,6020 oak ave,23.05,24.06,30.57,244.42
ord_00241,cust_0381,prod_069,,credit_card,7255 main st,12.19,7.72,0.0,735.2
ord_00242,cust_0445,prod_056,,bank_transfer,8808 pine rd,0.0,49.0,0.0,837.57
ord_00243,cust_0394,prod_047,2023-04-03 21:30:00,credit_card,7776 main st,23.43,36.85,0.0,137.84
ord_00244,cust_0095,prod_098,2023-08-11 11:36:00,bank_transfer,7430 pine rd,8.51,31.28,20.48,252.75
ord_00245,cust_0318,prod_113,2023-02-10 11:07:00,credit_card,1730 pine rd,0.0,31.93,13.23,642.5
ord_00246,cust_0370,prod_173,2023-10-02 04:54:00,debit_card,2117 oak ave,0.0,47.29,0.0,442.98
ord_00247,cust_0321,prod_168,2023-12-26 20:06:00,debit_card,4055 main st,0.0,15.5,0.0,439.76
ord_00248,cust_0342,prod_140,2023-07-07 13:41:00,bank_transfer,8762 main st,8.25,29.09,0.0,61.79
ord_00249,cust_0085,prod_107,2023-01-19 07:09:00,bank_transfer,8514 main st,22.51,35.78,0.0,825.09
ord_00250,cust_0326,prod_016,2023-03-01 01:55:00,debit_card,1110 oak ave,17.3,2.09,0.0,128.47
ord_00251,cust_0219,prod_168,2023-12-24 08:42:00,debit_card,9849 oak ave,18.27,34.15,0.0,239.66
ord_00252,cust_0476,prod_188,2023-11-06 08:00:00,credit_card,4155 oak ave,23.32,36.35,0.0,674.72
ord_00253,cust_0321,prod_047,2023-03-27 00:37:00,paypal,5595 pine rd,17.78,13.93,39.04,420.94
ord_00254,cust_0093,prod_182,2023-05-09 05:31:00,cash,5038 oak ave,10.36,50.99,0.0,797.83
ord_00255,cust_0135,prod_128,2023-11-12 07:14:00,credit_card,9330 pine rd,10.85,47.54,0.0,403.48
ord_00256,cust_0253,prod_198,2023-09-04 17:38:00,debit_card,3791 oak ave,17.7,7.07,0.0,688.32
ord_00257,cust_0258,prod_168,,bank_transfer,4191 oak ave,14.21,18.67,0.0,510.05
ord_00258,cust_0246,prod_007,2023-02-05 06:47:00,cash,8072 oak ave,0.0,48.05,0.0,321.89
ord_00259,cust_0378,prod_063,,bank_transfer,9626 pine rd,8.91,44.47,47.61,54.2
ord_00260,cust_0123,prod_127,2023-04-03 04:58:00,bank_transfer,9352 main st,0.0,6.61,0.0,480.75
ord_00261,cust_0155,prod_107,2023-03-23 16:37:00,cash,1083 pine rd,0.0,31.9,0.0,72.88
ord_00262,cust_0225,prod_059,2023-06-05 23:38:00,cash,558 pine rd,0.0,2.6,0.0,124.48
ord_00263,cust_0365,prod_011,2023-03-07 15:33:00,paypal,7912 oak ave,13.43,14.48,0.0,482.52
ord_00264,cust_0191,prod_105,2023-04-16 00:00:00,credit_card,5465 pine rd,11.79,14.89,0.0,825.67
ord_00265,cust_0239,prod_014,2023-08-03 09:05:00,paypal,1656 oak ave,8.94,43.84,0.0,647.07
ord_00266,cust_0318,prod_018,2023-08-26 20:17:00,bank_transfer,4883 main st,0.0,15.1,0.0,240.59
ord_00267,cust_0081,prod_181,2023-02-06 12:15:00,paypal,6764 oak ave,12.02,31.47,10.21,476.23
ord_00268,cust_0149,prod_112,2023-10-04 15:13:00,debit_card,7167 pine rd,10.74,7.94,0.0,225.0
ord_00269,cust_0256,prod_129,2023-09-23 22:30:00,bank_transfer,5591 pine rd,13.22,8.83,14.23,238.19
ord_00270,cust_0211,prod_016,2023-07-04 16:03:00,cash,2877 pine rd,0.0,21.35,31.97,604.72
ord_00271,cust_0261,prod_027,2023-06-18 00:11:00,bank_transfer,914 main st,0.0,35.6,0.0,331.56
ord_00272,cust_0026,prod_198,,cash,4292 oak ave,0.0,20.27,0.0,307.56
ord_00273,cust_0355,prod_163,2023-10-16 16:41:00,cash,7925 oak ave,0.0,12.72,47.05,140.57
ord_00274,cust_0484,prod_029,,credit_card,2606 pine rd,0.0,41.68,0.0,562.86
ord_00275,cust_0235,prod_119,,credit_card,9906 main st,0.0,15.87,0.0,409.73
ord_00276,cust_0457,prod_017,2023-12-21 02:36:00,bank_transfer,3596 main st,19.37,43.18,23.49,672.98
ord_00277,cust_0036,prod_009,2023-06-23 12:42:00,paypal,8471 pine rd,14.21,11.89,0.0,204.49
ord_00278,cust_0046,prod_082,2023-01-07 08:11:00,debit_card,1307 oak ave,0.0,19.03,0.0,359.74
ord_00279,cust_0466,prod_112,2023-02-24 09:04:00,cash,9685 pine rd,7.15,14.65,0.0,439.61
ord_00280,cust_0225,prod_189,2023-01-20 05:25:00,paypal,7287 main st,0.0,11.49,0.0,99.05
ord_00281,cust_0411,prod_140,,bank_transfer,9467 pine rd,5.64,27.15,24.99,612.13
ord_00282,cust_0146,prod_051,2023-11-30 21:14:00,bank_transfer,9671 oak ave,8.82,13.91,0.0,392.63
ord_00283,cust_0289,prod_048,2023-10-24 14:30:00,paypal,8246 main st,24.65,29.53,0.0,153.43
ord_00284,cust_0211,prod_079,,credit_card,6356 oak ave,23.62,5.71,0.0,443.23
ord_00285,cust_0111,prod_194,2023-07-20 14:46:00,paypal,1066 oak ave,0.0,36.87,0.0,552.38
ord_00286,cust_0393,prod_176,,bank_transfer,7328 main st,0.0,4.9,0.0,587.22
ord_00287,cust_0400,prod_109,,bank_transfer,3486 pine rd,17.99,29.57,0.0,139.14
ord_00288,cust_0280,prod_170,2023-06-23 23:16:00,debit_card,1665 pine rd,19.08,50.06,23.89,256.62
ord_00289,cust_0241,prod_124,,cash,7449 oak ave,21.68,4.75,0.0,472.36
ord_00290,cust_0065,prod_039,,debit_card,6660 oak ave,17.15,43.78,0.0,620.01
ord_00291,cust_0099,prod_016,2023-09-03 09:22:00,paypal,409 main st,12.15,39.89,40.06,787.51
ord_00292,cust_0182,prod_137,2023-01-06 22:42:00,credit_card,2655 main st,0.0,20.38,23.39,143.05
ord_00293,cust_0151,prod_012,2023-06-05 01:49:00,credit_card,3391 main st,13.23,48.88,0.0,210.76
ord_00294,cust_0137,prod_183,2023-05-08 03:21:00,paypal,7611 pine rd,0.0,27.17,0.0,339.11
ord_00295,cust_0400,prod_115,2023-06-24 19:47:00,credit_card,7219 main st,12.34,38.94,0.0,577.66
ord_00296,cust_0225,prod_112,2023-10-20 01:07:00,debit_card,8755 oak ave,0.0,37.93,41.58,396.21
ord_00297,cust_0042,prod_003,2023-03-20 11:47:00,debit_card,4206 pine rd,5.95,5.65,0.0,792.39
ord_00298,cust_0321,prod_135,,cash,4025 main st,5.32,19.04,0.0,63.86
ord_00299,cust_0077,prod_124,2023-07-07 19:33:00,paypal,2819 oak ave,17.17,21.88,30.95,214.0
ord_00300,cust_0220,prod_195,2023-10-20 12:53:00,cash,1119 oak ave,16.31,29.25,48.21,758.3
ord_00301,cust_0053,prod_113,2023-04-02 11:09:00,debit_card,2954 main st,18.06,30.79,0.0,226.23
ord_00302,cust_0440,prod_049,,paypal,3802 main st,0.0,37.06,0.0,58.11
ord_00303,cust_0450,prod_019,2023-02-06 21:30:00,credit_card,9843 pine rd,14.06,10.49,0.0,780.17
ord_00304,cust_0336,prod_187,2023-07-16 03:37:00,credit_card,4245 main st,18.14,26.15,10.77,757.21
ord_00305,cust_0402,prod_083,2023-08-20 02:42:00,credit_card,7791 oak ave,14.6,47.02,1.11,756.77
ord_00306,cust_0123,prod_118,2023-12-02 22:49:00,bank_transfer,1389 oak ave,9.48,4.68,0.0,701.36
ord_00307,cust_0468,prod_150,2023-05-09 11:48:00,bank_transfer,1838 oak ave,0.0,6.6,0.0,370.33
ord_00308,cust_0024,prod_188,2023-01-15 01:13:00,paypal,2157 pine rd,20.67,25.4,0.0,812.91
ord_00309,cust_0280,prod_055,2023-02-12 20:43:00,debit_card,6418 pine rd,24.56,14.7,0.0,492.92
ord_00310,cust_0143,prod_078,2023-12-08 21:51:00,cash,7667 pine rd,0.0,39.86,0.0,309.37
ord_00311,cust_0264,prod_033,2023-07-06 17:12:00,cash,366 pine rd,0.0,38.24,0.0,441.73
ord_00312,cust_0204,prod_010,2023-05-22 15:53:00,paypal,1845 oak ave,22.26,21.58,12.7,69.77
ord_00313,cust_0060,prod_116,2023-12-24 13:14:00,debit_card,1398 main st,0.0,6.11,0.0,75.34
ord_00314,cust_0498,prod_068,2023-12-14 03:35:00,debit_card,5894 pine rd,0.0,34.79,0.0,79.3
ord_00315,cust_0044,prod_173,2023-11-26 07:41:00,bank_transfer,1928 main st,13.16,47.78,0.0,136.72
ord_00316,cust_0211,prod_006,,bank_transfer,1348 main st,20.58,23.52,44.81,551.17
ord_00317,cust_0451,prod_104,,debit_card,5811 pine rd,0.0,7.4,0.0,380.46
ord_00318,cust_0306,prod_162,2023-01-25 04:58:00,cash,3577 oak ave,0.0,28.09,24.46,282.7
ord_00319,cust_0370,prod_057,2023-07-01 13:03:00,bank_transfer,8747 pine rd,8.95,49.16,0.0,65.33
ord_00320,cust_0134,prod_107,2023-02-19 21:42:00,paypal,1781 pine rd,15.26,41.51,0.0,594.58
ord_00321,cust_0450,prod_169,2023-04-18 04:01:00,paypal,3920 main st,0.0,7.5,0.0,398.26
ord_00322,cust_0150,prod_021,2023-05-08 20:16:00,bank_transfer,4075 pine rd,16.52,36.89,0.0,300.13
ord_00323,cust_0242,prod_100,2023-06-13 19:08:00,credit_card,5850 pine rd,0.0,18.07,0.0,837.87
ord_00324,cust_0159,prod_017,2023-09-04 16:50:00,paypal,7047 pine rd,14.08,7.69,0.0,775.78
ord_00325,cust_0286,prod_137,2023-03-20 13:03:00,bank_transfer,3220 pine rd,0.0,46.07,0.0,686.1
ord_00326,cust_0487,prod_198,2023-10-22 09:34:00,credit_card,8728 oak ave,10.42,13.92,2.82,324.35
ord_00327,cust_0229,prod_153,,cash,2167 main st,6.55,20.92,0.0,817.12
ord_00328,cust_0354,prod_185,2023-03-04 12:05:00,bank_transfer,3419 oak ave,18.94,48.38,0.0,687.73
ord_00329,cust_0287,prod_147,2023-12-05 16:12:00,credit_card,115 pine rd,0.0,13.31,30.74,400.27
ord_00330,cust_0462,prod_180,2023-10-20 21:17:00,paypal,783 pine rd,0.0,16.68,46.57,364.6
ord_00331,cust_0229,prod_062,2023-01-26 15:14:00,debit_card,1320 main st,23.35,45.41,0.0,213.24
ord_00332,cust_0073,prod_147,2023-12-17 06:06:00,cash,1689 main st,13.45,39.1,10.94,344.35
ord_00333,cust_0451,prod_194,2023-08-14 15:15:00,credit_card,8855 pine rd,15.66,2.84,0.0,542.62
ord_00334,cust_0349,prod_021,2023-04-13 01:16:00,debit_card,3618 main st,5.21,15.48,46.28,595.26
ord_00335,cust_0111,prod_086,2023-01-05 06:00:00,cash,7000 oak ave,16.3,6.57,48.92,812.25
ord_00336,cust_0377,prod_199,2023-01-19 15:31:00,paypal,3033 main st,23.02,26.94,0.0,526.87
ord_00337,cust_0443,prod_144,2023-02-17 01:41:00,bank_transfer,7390 pine rd,5.44,16.95,0.0,500.72
ord_00338,cust_0456,prod_006,2023-09-01 11:38:00,credit_card,8078 oak ave,0.0,10.63,0.0,596.53
ord_00339,cust_0314,prod_009,,cash,6198 main st,0.0,31.86,0.0,568.56
ord_00340,cust_0132,prod_082,2023-09-20 08:35:00,bank_transfer,2629 oak ave,9.34,24.73,0.0,798.97
ord_00341,cust_0330,prod_011,,credit_card,2725 oak ave,10.6,46.56,0.0,604.09
ord_00342,cust_0410,prod_128,2023-02-10 04:59:00,cash,8498 main st,9.21,28.96,31.97,811.71
ord_00343,cust_0134,prod_016,2023-09-03 20:46:00,bank_transfer,3630 pine rd,21.52,38.49,0.0,358.87
ord_00344,cust_0336,prod_121,2023-12-28 00:50:00,paypal,1469 oak ave,0.0,33.21,0.0,644.44
ord_00345,cust_0109,prod_076,,paypal,5659 main st,0.0,17.32,0.0,528.75
ord_00346,cust_0100,prod_055,2023-05-19 04:54:00,credit_card,4961 main st,22.24,40.67,0.0,60.76
ord_00347,cust_0351,prod_041,2023-06-05 16:50:00,paypal,6219 pine rd,0.0,32.58,8.95,410.59
ord_00348,cust_0367,prod_117,2023-02-13 01:59:00,debit_card,4668 main st,5.36,29.61,0.0,415.92
ord_00349,cust_0250,prod_071,2023-10-10 16:59:00,cash,5849 oak ave,0.0,47.08,0.0,467.78
ord_00350,cust_0093,prod_084,2023-10-13 15:10:00,paypal,7762 oak ave,12.29,20.46,0.0,322.8
ord_00351,cust_0338,prod_142,2023-07-07 13:45:00,cash,527 oak ave,0.0,6.43,0.0,155.33
ord_00352,cust_0044,prod_187,2023-06-07 13:40:00,credit_card,5941 main st,8.63,44.98,39.12,539.03
ord_00353,cust_0080,prod_098,,cash,162 main st,0.0,22.41,0.0,518.0
ord_00354,cust_0183,prod_146,2023-05-19 21:10:00,cash,6372 pine rd,0.0,49.55,0.0,575.33
ord_00355,cust_0442,prod_052,,bank_transfer,4773 pine rd,0.0,28.84,0.0,776.36
ord_00356,cust_0279,prod_097,2023-01-10 20:04:00,cash,1869 main st,0.0,9.99,0.0,82.01
ord_00357,cust_0462,prod_034,2023-09-19 21:35:00,paypal,9309 oak ave,0.0,15.33,20.86,390.4
ord_00358,cust_0407,prod_160,2023-02-08 21:42:00,cash,1236 pine rd,0.0,29.21,0.0,735.58
ord_00359,cust_0009,prod_099,2023-04-11 08:41:00,debit_card,1050 main st,11.33,37.35,0.0,835.41
ord_00360,cust_0491,prod_027,,cash,3449 pine rd,24.21,32.81,0.0,81.19
ord_00361,cust_0311,prod_172,2023-11-17 01:31:00,credit_card,8958 main st,6.86,14.05,0.0,486.11
ord_00362,cust_0285,prod_004,2023-07-17 02:34:00,debit_card,3014 pine rd,17.97,43.82,0.0,211.01
ord_00363,cust_0075,prod_178,2023-07-09 21:13:00,cash,5254 oak ave,14.87,32.39,0.0,339.63
ord_00364,cust_0180,prod_060,2023-12-01 13:33:00,paypal,1463 pine rd,0.0,4.57,0.0,104.69
ord_00365,cust_0455,prod_049,2023-01-12 05:55:00,credit_card,5279 main st,0.0,48.06,0.0,624.61
ord_00366,cust_0180,prod_172,2023-09-03 14:37:00,paypal,4486 oak ave,0.0,24.69,21.14,464.56
ord_00367,cust_0156,prod_155,2023-04-10 08:29:00,paypal,5635 main st,18.57,5.8,0.0,416.03
ord_00368,cust_0031,prod_091,,cash,9124 oak ave,15.01,25.19,36.01,378.44
ord_00369,cust_0335,prod_149,,cash,7333 oak ave,0.0,40.99,0.0,689.95
ord_00370,cust_0462,prod_110,,debit_card,286 oak ave,16.32,41.52,0.0,602.54
ord_00371,cust_0041,prod_090,2023-11-09 10:07:00,paypal,2997 oak ave,0.0,33.71,0.0,755.93
ord_00372,cust_0027,prod_120,2023-07-13 23:48:00,paypal,6671 pine rd,0.0,11.67,0.0,172.83
ord_00373,cust_0309,prod_150,2023-07-18 05:24:00,credit_card,3130 main st,8.44,20.57,0.0,621.07
ord_00374,cust_0097,prod_160,2023-02-21 16:29:00,bank_transfer,4966 pine rd,0.0,23.49,0.0,206.62
ord_00375,cust_0322,prod_136,2023-04-14 00:04:00,bank_transfer,3954 main st,13.96,6.5,14.25,365.24
ord_00376,cust_0478,prod_107,2023-11-13 06:44:00,paypal,3130 main st,0.0,31.01,0.0,95.9
ord_00377,cust_0014,prod_084,2023-11-28 13:49:00,bank_transfer,6391 main st,8.31,24.68,0.0,496.47
ord_00378,cust_0067,prod_104,,cash,505 main st,16.42,48.86,0.0,514.53
ord_00379,cust_0480,prod_130,2023-12-15 19:19:00,paypal,9616 main st,0.0,27.6,37.95,395.12
ord_00380,cust_0010,prod_121,2023-02-15 13:07:00,paypal,532 oak ave,10.75,40.61,34.14,60.29
ord_00381,cust_0082,prod_100,2023-02-04 14:05:00,paypal,86 pine rd,0.0,7.45,42.94,598.15
ord_00382,cust_0498,prod_029,2023-07-06 09:36:00,debit_card,6725 oak ave,16.63,36.25,25.33,605.78
ord_00383,cust_0233,prod_001,2023-04-07 06:36:00,bank_transfer,240 main st,0.0,3.3,0.0,365.27
ord_00384,cust_0301,prod_018,2023-08-17 05:07:00,cash,7652 pine rd,0.0,49.98,3.42,797.79
ord_00385,cust_0003,prod_117,,paypal,1088 oak ave,19.43,16.41,0.0,326.26
ord_00386,cust_0389,prod_165,2023-10-16 21:51:00,debit_card,563 oak ave,0.0,48.16,0.0,650.76
ord_00387,cust_0469,prod_083,2023-08-12 15:59:00,cash,6102 pine rd,19.54,3.99,26.91,568.15
ord_00388,cust_0121,prod_124,2023-03-28 12:20:00,bank_transfer,3117 main st,0.0,17.4,31.04,676.83
ord_00389,cust_0261,prod_133,,credit_card,4906 oak ave,24.76,13.54,0.0,652.58
ord_00390,cust_0018,prod_043,2023-11-19 09:09:00,debit_card,3923 main st,10.06,2.53,0.0,208.98
ord_00391,cust_0078,prod_110,2023-02-25 14:37:00,paypal,7697 pine rd,20.68,20.62,0.0,729.27
ord_00392,cust_0319,prod_160,2023-04-06 09:30:00,credit_card,8924 main st,0.0,18.33,0.0,660.11
ord_00393,cust_0121,prod_120,,debit_card,2915 main st,0.0,41.02,0.0,160.83
ord_00394,cust_0343,prod_120,2023-05-01 01:05:00,bank_transfer,4935 pine rd,24.6,28.09,0.0,722.4
ord_00395,cust_0238,prod_094,2023-02-16 06:00:00,credit_card,1924 pine rd,0.0,37.52,7.93,641.32
ord_00396,cust_0297,prod_150,2023-12-06 15:10:00,credit_card,9027 main st,0.0,4.65,26.54,257.0
ord_00397,cust_0287,prod_194,2023-08-23 20:33:00,paypal,6875 main st,8.72,33.38,9.7,107.15
ord_00398,cust_0219,prod_156,2023-12-03 18:59:00,bank_transfer,6631 oak ave,9.94,34.08,0.0,690.3
ord_00399,cust_0205,prod_193,2023-07-19 19:02:00,credit_card,8124 pine rd,0.0,45.77,0.0,231.93
ord_00400,cust_0214,prod_167,2023-03-02 07:51:00,cash,1436 pine rd,14.36,47.59,0.0,542.17
ord_00401,cust_0421,prod_122,,debit_card,8230 oak ave,20.09,18.99,0.0,516.45
ord_00402,cust_0129,prod_150,,paypal,7668 main st,15.16,34.29,0.0,275.27
ord_00403,cust_0016,prod_170,,debit_card,2294 oak ave,9.53,18.37,0.0,284.32
ord_00404,cust_0370,prod_016,2023-11-20 15:09:00,bank_transfer,18 main st,16.82,38.66,0.0,296.71
ord_00405,cust_0318,prod_112,2023-06-19 22:42:00,bank_transfer,266 oak ave,15.53,19.9,0.0,548.45
ord_00406,cust_0360,prod_188,2023-03-20 04:56:00,debit_card,9857 oak ave,9.69,18.16,0.0,324.27
ord_00407,cust_0342,prod_145,,cash,5447 main st,24.91,10.44,28.2,98.08
ord_00408,cust_0107,prod_188,,debit_card,3720 main st,0.0,2.59,48.43,323.01
ord_00409,cust_0150,prod_194,,cash,2169 main st,17.23,47.96,0.0,725.54
ord_00410,cust_0449,prod_082,,cash,3712 main st,24.01,51.9,0.0,502.39
ord_00411,cust_0105,prod_096,2023-03-20 07:07:00,paypal,4575 main st,6.93,45.04,0.0,481.09
ord_00412,cust_0474,prod_150,,cash,1839 oak ave,17.97,49.97,47.52,340.04
ord_00413,cust_0264,prod_086,2023-04-14 23:34:00,credit_card,6374 pine rd,0.0,33.36,0.0,791.55
ord_00414,cust_0238,prod_158,2023-09-10 12:21:00,paypal,9262 main st,0.0,51.28,0.0,276.97
ord_00415,cust_0208,prod_163,2023-05-16 06:52:00,debit_card,7682 main st,5.03,17.81,0.0,293.19
ord_00416,cust_0200,prod_041,2023-02-16 03:17:00,credit_card,6635 pine rd,7.09,50.53,0.0,764.52
ord_00417,cust_0464,prod_046,2023-08-13 04:27:00,credit_card,7066 main st,24.55,37.95,0.0,561.93
ord_00418,cust_0171,prod_076,,bank_transfer,8009 oak ave,5.16,22.38,0.0,563.92
ord_00419,cust_0222,prod_109,2023-12-03 02:11:00,paypal,8074 main st,0.0,31.03,0.0,762.08
ord_00420,cust_0500,prod_155,2023-04-15 14:19:00,debit_card,599 oak ave,24.51,24.61,38.97,119.71
ord_00421,cust_0056,prod_105,2023-05-12 10:52:00,cash,3365 pine rd,0.0,17.45,34.46,186.96
ord_00422,cust_0142,prod_046,,debit_card,5912 main st,17.1,15.5,35.5,361.87
ord_00423,cust_0163,prod_054,2023-07-24 04:42:00,credit_card,4095 oak ave,16.8,19.73,0.0,101.15
ord_00424,cust_0278,prod_051,,paypal,9733 pine rd,22.96,4.89,0.0,424.58
ord_00425,cust_0050,prod_014,2023-08-09 07:50:00,paypal,2446 oak ave,22.1,51.48,5.98,386.95
ord_00426,cust_0147,prod_057,2023-08-01 12:34:00,credit_card,8256 pine rd,0.0,45.26,0.0,668.3
ord_00427,cust_0128,prod_034,2023-06-19 20:22:00,credit_card,7109 oak ave,8.05,24.77,32.1,53.35
ord_00428,cust_0038,prod_174,,credit_card,1042 pine rd,22.36,8.04,0.0,120.58
ord_00429,cust_0299,prod_027,2023-08-01 20:29:00,bank_transfer,6346 oak ave,18.56,30.08,6.53,712.41
ord_00430,cust_0020,prod_130,2023-09-24 21:22:00,cash,4155 pine rd,8.36,25.83,5.92,335.87
ord_00431,cust_0292,prod_009,,cash,3331 oak ave,0.0,24.38,0.0,99.27
ord_00432,cust_0236,prod_053,2023-12-02 19:12:00,cash,8341 oak ave,9.78,19.67,0.0,443.73
ord_00433,cust_0416,prod_146,,bank_transfer,4524 pine rd,5.83,19.61,0.0,544.14
ord_00434,cust_0498,prod_020,,bank_transfer,7135 main st,0.0,37.2,0.0,257.02
ord_00435,cust_0082,prod_048,2023-03-16 02:13:00,debit_card,5340 main st,0.0,23.42,10.26,727.83
ord_00436,cust_0125,prod_169,2023-03-12 02:47:00,bank_transfer,57 pine rd,0.0,40.81,0.0,832.39
ord_00437,cust_0358,prod_017,,bank_transfer,4421 pine rd,23.67,11.59,0.0,104.97
ord_00438,cust_0404,prod_170,2023-03-25 05:52:00,cash,7735 main st,0.0,31.27,0.0,372.77
ord_00439,cust_0297,prod_035,2023-10-31 19:15:00,paypal,2003 main st,0.0,15.56,3.56,111.93
ord_00440,cust_0370,prod_150,2023-01-19 05:58:00,cash,8769 oak ave,0.0,17.51,0.0,155.46
ord_00441,cust_0331,prod_156,2023-04-13 03:00:00,paypal,5348 main st,13.99,14.19,0.0,500.25
ord_00442,cust_0327,prod_129,2023-03-12 17:42:00,credit_card,1216 pine rd,16.78,34.46,0.0,48.43
ord_00443,cust_0280,prod_003,2023-03-04 09:58:00,debit_card,8350 pine rd,0.0,33.16,0.0,688.37
ord_00444,cust_0132,prod_013,2023-01-06 21:05:00,cash,6592 main st,21.15,12.35,40.88,69.1
ord_00445,cust_0474,prod_053,,cash,2119 pine rd,15.13,22.64,0.0,579.05
ord_00446,cust_0364,prod_036,,debit_card,502 pine rd,0.0,44.53,0.0,161.07
ord_00447,cust_0311,prod_141,,paypal,3650 pine rd,0.0,48.78,0.0,221.78
ord_00448,cust_0119,prod_193,2023-08-08 22:53:00,bank_transfer,8125 oak ave,16.96,43.92,0.0,787.6
ord_00449,cust_0030,prod_162,2023-02-10 05:41:00,credit_card,3592 oak ave,0.0,35.29,31.79,380.99
ord_00450,cust_0421,prod_064,2023-10-12 08:01:00,credit_card,5372 main st,22.02,11.75,0.0,675.16
ord_00451,cust_0184,prod_039,,cash,1448 pine rd,8.12,2.41,39.5,650.46
ord_00452,cust_0249,prod_029,2023-11-16 14:49:00,debit_card,6183 main st,19.77,37.31,0.0,718.62
ord_00453,cust_0410,prod_112,2023-10-05 02:50:00,credit_card,320 pine rd,0.0,18.82,0.0,502.71
ord_00454,cust_0246,prod_088,2023-03-03 07:43:00,bank_transfer,1072 main st,22.18,3.41,0.0,804.01
ord_00455,cust_0426,prod_150,,bank_transfer,9629 main st,9.12,16.93,0.0,252.59
ord_00456,cust_0044,prod_038,,debit_card,785 pine rd,21.79,12.95,10.51,838.29
ord_00457,cust_0225,prod_191,2023-12-20 07:50:00,credit_card,2606 pine rd,10.16,26.09,46.91,702.0
ord_00458,cust_0280,prod_100,2023-06-03 18:21:00,cash,2035 oak ave,0.0,34.42,0.0,306.98
ord_00459,cust_0289,prod_038,,debit_card,3576 oak ave,9.65,7.79,35.63,629.03
ord_00460,cust_0473,prod_164,2023-06-18 04:52:00,paypal,5795 oak ave,14.48,28.36,21.75,565.07
ord_00461,cust_0183,prod_132,2023-02-11 13:38:00,bank_transfer,9476 pine rd,19.27,45.35,0.0,363.11
ord_00462,cust_0153,prod_190,2023-01-10 04:54:00,cash,2295 pine rd,7.8,40.35,0.0,319.85
ord_00463,cust_0461,prod_033,2023-04-10 23:44:00,cash,2523 main st,15.08,18.54,1.05,611.94
ord_00464,cust_0485,prod_037,2023-05-01 01:49:00,cash,3532 oak ave,11.96,3.11,0.0,82.14
ord_00465,cust_0462,prod_189,2023-05-12 01:15:00,paypal,4637 oak ave,14.44,3.89,4.67,560.71
ord_00466,cust_0359,prod_041,2023-05-24 06:42:00,paypal,2981 main st,20.74,45.42,0.0,433.0
ord_00467,cust_0005,prod_151,2023-09-18 15:36:00,cash,581 oak ave,14.94,36.44,27.23,150.21
ord_00468,cust_0343,prod_097,2023-01-12 10:00:00,credit_card,1553 pine rd,0.0,17.51,0.0,107.19
ord_00469,cust_0437,prod_106,2023-07-12 19:56:00,bank_transfer,6001 oak ave,19.59,22.58,47.45,779.95
ord_00470,cust_0449,prod_122,2023-08-11 08:43:00,debit_card,4917 oak ave,6.68,51.88,0.0,303.21
ord_00471,cust_0111,prod_107,2023-02-14 17:10:00,paypal,3149 oak ave,9.64,41.31,41.21,50.34
ord_00472,cust_0370,prod_041,,credit_card,7339 oak ave,17.71,9.84,0.0,779.91
ord_00473,cust_0136,prod_150,2023-10-09 03:47:00,cash,2882 pine rd,0.0,25.9,0.0,576.92
ord_00474,cust_0056,prod_071,,bank_transfer,1121 main st,0.0,23.87,0.0,559.17
ord_00475,cust_0164,prod_053,,bank_transfer,3263 main st,19.22,34.89,0.0,215.03
ord_00476,cust_0063,prod_048,2023-11-17 14:29:00,debit_card,4181 main st,8.45,34.66,20.36,120.39
ord_00477,cust_0242,prod_075,2023-02-07 09:17:00,cash,7454 pine rd,12.71,29.96,0.0,680.12
ord_00478,cust_0276,prod_148,2023-07-22 04:39:00,paypal,3450 oak ave,20.95,15.53,8.33,52.34
ord_00479,cust_0280,prod_157,2023-07-01 03:33:00,bank_transfer,3733 pine rd,0.0,10.41,0.0,749.57
ord_00480,cust_0123,prod_161,2023-10-18 15:25:00,paypal,9377 main st,6.85,44.66,0.0,328.33
ord_00481,cust_0254,prod_119,2023-10-18 15:32:00,cash,485 oak ave,21.63,4.75,42.74,358.82
ord_00482,cust_0007,prod_188,2023-08-12 10:59:00,bank_transfer,2454 pine rd,22.82,42.16,0.0,65.11
ord_00483,cust_0411,prod_047,,debit_card,9173 oak ave,18.23,8.41,0.0,501.83
ord_00484,cust_0120,prod_153,2023-06-05 10:25:00,bank_transfer,6759 oak ave,6.72,3.11,0.0,708.63
ord_00485,cust_0394,prod_021,2023-07-05 18:04:00,cash,5964 pine rd,21.8,21.68,0.0,177.87
ord_00486,cust_0426,prod_135,2023-02-21 09:51:00,cash,1733 oak ave,11.23,7.18,0.0,673.97
ord_00487,cust_0139,prod_017,2023-12-03 21:10:00,paypal,4926 main st,12.59,47.95,0.0,588.36
ord_00488,cust_0176,prod_169,2023-06-03 21:02:00,debit_card,1434 pine rd,10.66,38.25,0.0,654.85
ord_00489,cust_0064,prod_161,2023-06-15 00:11:00,debit_card,25 main st,0.0,34.81,0.0,75.01
ord_00490,cust_0375,prod_066,2023-03-21 22:50:00,credit_card,3411 pine rd,17.99,47.72,3.47,666.47
ord_00491,cust_0073,prod_090,,bank_transfer,1614 oak ave,0.0,16.56,0.0,473.91
ord_00492,cust_0051,prod_016,,bank_transfer,8829 pine rd,22.53,45.85,46.41,685.44
ord_00493,cust_0361,prod_094,,cash,17 oak ave,15.25,51.78,0.0,580.4
ord_00494,cust_0023,prod_096,2023-10-23 01:27:00,credit_card,6099 pine rd,9.76,45.65,0.0,373.97
ord_00495,cust_0393,prod_088,2023-09-19 18:26:00,debit_card,2426 pine rd,22.03,48.54,0.0,234.84
ord_00496,cust_0005,prod_047,2023-08-27 08:02:00,debit_card,2788 oak ave,16.78,20.23,0.0,264.03
ord_00497,cust_0326,prod_142,,cash,7639 oak ave,17.64,8.93,4.37,613.8
ord_00498,cust_0119,prod_170,2023-04-18 21:50:00,debit_card,2914 main st,0.0,35.23,0.0,462.62
ord_00499,cust_0204,prod_084,2023-03-19 13:01:00,cash,8923 pine rd,5.83,47.31,0.0,516.8
ord_00500,cust_0024,prod_150,2023-12-04 12:43:00,paypal,9729 pine rd,13.35,38.75,0.0,185.1
ord_00501,cust_0352,prod_191,2023-09-26 08:32:00,bank_transfer,3832 pine rd,18.52,40.82,32.9,713.33
ord_00502,cust_0004,prod_123,2023-06-21 18:12:00,bank_transfer,5656 oak ave,0.0,42.02,0.0,241.17
ord_00503,cust_0180,prod_044,2023-01-17 05:48:00,debit_card,2023 oak ave,0.0,11.99,0.0,142.68
ord_00504,cust_0449,prod_036,2023-10-13 09:30:00,debit_card,89 main st,11.99,41.37,0.0,93.55
ord_00505,cust_0373,prod_116,2023-02-18 14:21:00,debit_card,9609 main st,23.28,12.34,0.0,536.63
ord_00506,cust_0406,prod_081,2023-06-15 13:58:00,paypal,3244 pine rd,7.48,14.36,0.0,366.29
ord_00507,cust_0441,prod_059,2023-12-23 15:52:00,paypal,30 pine rd,18.79,9.22,9.08,699.34
ord_00508,cust_0454,prod_188,2023-01-06 14:54:00,credit_card,4155 main st,16.04,50.59,30.06,235.69
ord_00509,cust_0276,prod_029,2023-09-04 00:59:00,credit_card,5579 oak ave,14.08,51.9,40.68,690.82
ord_00510,cust_0084,prod_186,2023-08-11 17:14:00,cash,5108 main st,20.46,15.51,0.0,53.67
ord_00511,cust_0395,prod_130,2023-09-26 08:26:00,debit_card,8706 main st,24.61,30.2,0.0,682.1
ord_00512,cust_0074,prod_068,2023-02-12 23:21:00,debit_card,8295 pine rd,0.0,48.28,0.0,351.67
ord_00513,cust_0281,prod_128,2023-06-25 00:00:00,debit_card,2178 main st,0.0,2.54,0.0,353.02
ord_00514,cust_0323,prod_020,,paypal,2272 oak ave,0.0,50.34,0.0,75.52
ord_00515,cust_0348,prod_165,,bank_transfer,8008 main st,22.6,24.37,2.0,195.8
ord_00516,cust_0029,prod_059,2023-07-18 10:54:00,bank_transfer,4421 oak ave,14.71,5.34,20.26,449.18
ord_00517,cust_0154,prod_062,2023-01-15 08:59:00,credit_card,7839 pine rd,0.0,27.07,0.0,459.03
ord_00518,cust_0168,prod_044,,credit_card,5843 oak ave,17.6,29.88,46.6,707.93
ord_00519,cust_0136,prod_069,2023-01-04 10:23:00,bank_transfer,7802 pine rd,9.95,10.39,0.0,343.59
ord_00520,cust_0274,prod_138,2023-11-19 12:26:00,bank_transfer,5398 oak ave,21.89,23.66,0.0,67.25
ord_00521,cust_0242,prod_149,2023-08-28 16:36:00,credit_card,6605 oak ave,16.96,36.92,41.18,174.78
ord_00522,cust_0379,prod_098,2023-01-15 08:38:00,paypal,8929 oak ave,16.86,22.52,0.0,365.05
ord_00523,cust_0095,prod_184,2023-12-27 02:52:00,paypal,3973 oak ave,7.88,6.59,0.0,648.57
ord_00524,cust_0323,prod_146,2023-08-08 06:39:00,debit_card,5112 oak ave,7.97,7.99,0.0,823.17
ord_00525,cust_0349,prod_175,2023-08-16 13:51:00,credit_card,3173 pine rd,24.66,40.65,33.0,536.3
ord_00526,cust_0307,prod_080,2023-10-11 13:26:00,bank_transfer,4741 pine rd,23.58,42.76,0.0,645.45
ord_00527,cust_0365,prod_017,2023-01-11 15:50:00,cash,1467 main st,21.79,31.59,0.0,171.02
ord_00528,cust_0126,prod_150,2023-11-15 14:40:00,paypal,5336 main st,0.0,3.73,0.0,755.77
ord_00529,cust_0437,prod_101,,debit_card,6360 main st,0.0,15.73,19.1,810.51
ord_00530,cust_0489,prod_167,,paypal,4813 pine rd,8.59,33.96,0.0,49.85
ord_00531,cust_0112,prod_105,2023-01-22 01:27:00,bank_transfer,678 main st,24.29,33.05,34.68,142.74
ord_00532,cust_0385,prod_180,2023-07-07 17:25:00,bank_transfer,413 pine rd,18.96,37.65,0.0,739.82
ord_00533,cust_0200,prod_014,,bank_transfer,9517 pine rd,9.58,10.44,0.0,808.68
ord_00534,cust_0404,prod_088,2023-11-04 00:47:00,paypal,8390 main st,20.98,19.7,23.26,367.83
ord_00535,cust_0010,prod_119,2023-09-01 21:32:00,cash,1708 main st,10.96,15.71,0.0,268.84
ord_00536,cust_0444,prod_179,2023-05-06 04:00:00,debit_card,2127 oak ave,11.13,30.0,0.0,716.14
ord_00537,cust_0045,prod_130,,cash,5965 pine rd,8.11,12.33,0.0,617.84
ord_00538,cust_0015,prod_009,2023-04-10 00:35:00,paypal,5390 pine rd,0.0,47.16,0.0,191.81
ord_00539,cust_0172,prod_153,2023-12-10 07:06:00,paypal,6916 pine rd,8.68,21.78,17.51,757.37
ord_00540,cust_0367,prod_024,2023-05-23 20:46:00,debit_card,7244 pine rd,0.0,24.08,0.0,562.0
ord_00541,cust_0450,prod_152,2023-12-10 01:54:00,credit_card,5516 pine rd,6.66,25.71,0.0,526.2
ord_00542,cust_0049,prod_123,2023-01-25 17:57:00,debit_card,6355 pine rd,13.65,43.22,0.0,111.77
ord_00543,cust_0037,prod_075,2023-07-02 02:08:00,paypal,8523 oak ave,17.29,51.77,0.0,108.49
ord_00544,cust_0424,prod_147,,debit_card,6395 main st,0.0,28.23,0.0,767.99
ord_00545,cust_0173,prod_195,2023-11-15 18:56:00,paypal,7564 main st,15.52,15.96,35.28,401.86
ord_00546,cust_0167,prod_052,2023-10-25 08:23:00,cash,3205 main st,22.64,24.01,0.0,309.66
ord_00547,cust_0302,prod_085,2023-08-21 18:23:00,bank_transfer,1626 pine rd,23.85,49.84,23.02,508.03
ord_00548,cust_0422,prod_102,,debit_card,488 main st,8.48,8.04,25.1,141.42
ord_00549,cust_0483,prod_123,2023-02-09 16:43:00,debit_card,9440 main st,0.0,10.19,37.48,708.54
ord_00550,cust_0099,prod_079,2023-07-19 20:05:00,bank_transfer,573 pine rd,18.62,8.59,0.0,721.25
ord_00551,cust_0225,prod_113,2023-05-01 00:29:00,debit_card,5582 oak ave,23.62,40.39,8.92,415.16
ord_00552,cust_0451,prod_174,2023-02-21 17:54:00,credit_card,8422 oak ave,0.0,37.92,0.0,760.96
ord_00553,cust_0235,prod_186,,paypal,185 oak ave,13.72,17.51,0.0,646.82
ord_00554,cust_0186,prod_134,2023-11-23 01:31:00,paypal,6011 pine rd,23.62,9.22,0.0,668.52
ord_00555,cust_0074,prod_168,2023-06-30 23:10:00,paypal,439 main st,0.0,2.83,0.0,631.87
ord_00556,cust_0488,prod_097,2023-03-14 23:41:00,debit_card,9119 oak ave,21.31,49.96,17.61,660.21
ord_00557,cust_0268,prod_046,2023-08-03 13:49:00,debit_card,459 oak ave,17.11,8.13,0.0,420.5
ord_00558,cust_0296,prod_159,,paypal,8728 pine rd,22.85,44.17,0.0,313.21
ord_00559,cust_0408,prod_025,2023-01-16 10:11:00,bank_transfer,6734 oak ave,17.91,41.24,0.0,136.81
ord_00560,cust_0385,prod_063,,cash,8485 pine rd,16.84,43.75,0.0,481.52
ord_00561,cust_0150,prod_024,2023-05-24 15:52:00,debit_card,1926 main st,7.37,29.68,0.0,828.15
ord_00562,cust_0229,prod_163,2023-06-27 14:21:00,credit_card,8272 oak ave,24.21,50.08,0.0,508.32
ord_00563,cust_0409,prod_025,2023-08-17 18:42:00,bank_transfer,7950 pine rd,6.36,9.72,0.0,169.71
ord_00564,cust_0172,prod_076,,cash,1409 pine rd,20.53,51.39,0.0,247.27
ord_00565,cust_0459,prod_092,2023-06-11 18:20:00,paypal,7990 pine rd,0.0,7.75,0.0,600.63
ord_00566,cust_0021,prod_189,2023-12-07 21:42:00,debit_card,8677 main st,15.47,42.2,0.0,749.44
ord_00567,cust_0475,prod_080,2023-01-06 11:03:00,credit_card,8582 oak ave,5.18,50.59,0.0,223.9
ord_00568,cust_0075,prod_095,2023-06-27 02:57:00,debit_card,413 main st,15.76,18.14,0.0,83.82
ord_00569,cust_0449,prod_124,2023-12-18 06:08:00,cash,9109 pine rd,14.27,2.0,0.0,803.81
ord_00570,cust_0293,prod_136,2023-09-01 05:43:00,bank_transfer,8372 oak ave,14.0,9.14,0.0,398.99
ord_00571,cust_0164,prod_111,2023-12-17 15:18:00,cash,121 pine rd,0.0,41.61,0.0,96.67
ord_00572,cust_0197,prod_099,2023-07-12 17:44:00,credit_card,4520 oak ave,0.0,29.83,0.0,592.16
ord_00573,cust_0406,prod_149,,paypal,9392 pine rd,6.84,15.79,30.56,712.99
ord_00574,cust_0373,prod_045,2023-12-04 20:14:00,debit_card,2263 pine rd,0.0,16.96,0.0,616.27
ord_00575,cust_0350,prod_054,2023-05-31 20:28:00,cash,6474 oak ave,6.46,49.79,0.0,769.92
ord_00576,cust_0170,prod_003,2023-07-22 08:11:00,cash,6213 oak ave,18.54,37.04,0.0,744.28
ord_00577,cust_0379,prod_110,2023-10-18 17:20:00,debit_card,4783 pine rd,18.86,35.98,0.0,169.75
ord_00578,cust_0146,prod_013,,paypal,860 main st,0.0,23.36,0.0,674.62
ord_00579,cust_0354,prod_170,,credit_card,6914 oak ave,0.0,24.65,0.0,43.16
ord_00580,cust_0390,prod_012,2023-12-09 14:48:00,debit_card,2958 pine rd,0.0,23.81,0.0,55.69
ord_00581,cust_0067,prod_138,,credit_card,2747 main st,16.42,6.28,0.0,806.45
ord_00582,cust_0353,prod_056,2023-07-19 05:58:00,bank_transfer,1727 main st,14.63,14.2,0.0,88.81
ord_00583,cust_0241,prod_080,2023-02-25 08:55:00,credit_card,1206 main st,10.41,17.81,16.64,598.61
ord_00584,cust_0055,prod_057,2023-04-14 10:47:00,credit_card,994 main st,8.5,30.19,0.0,152.95
ord_00585,cust_0024,prod_004,2023-03-02 20:55:00,paypal,8649 main st,6.08,50.42,29.18,357.31
ord_00586,cust_0424,prod_145,2023-08-15 01:17:00,paypal,1942 main st,6.0,4.0,0.0,401.79
ord_00587,cust_0287,prod_021,2023-10-25 04:00:00,debit_card,7801 oak ave,16.42,9.35,20.5,57.56
ord_00588,cust_0459,prod_060,2023-09-20 14:06:00,credit_card,9171 main st,15.02,7.74,0.0,738.76
ord_00589,cust_0141,prod_140,2023-06-14 08:38:00,cash,5648 main st,0.0,32.68,0.0,358.81
ord_00590,cust_0447,prod_182,,cash,2417 oak ave,21.1,49.12,30.7,359.94
ord_00591,cust_0168,prod_045,,bank_transfer,981 main st,0.0,30.08,3.88,136.13
ord_00592,cust_0211,prod_059,2023-02-23 10:25:00,paypal,4770 main st,7.09,51.12,0.0,647.93
ord_00593,cust_0235,prod_060,2023-03-22 18:16:00,debit_card,7918 pine rd,10.46,2.96,0.0,63.17
ord_00594,cust_0464,prod_196,,debit_card,7833 main st,13.61,39.57,0.0,756.71
ord_00595,cust_0212,prod_126,2023-03-22 04:25:00,bank_transfer,6054 pine rd,21.45,32.49,0.0,104.09
ord_00596,cust_0299,prod_174,2023-04-27 22:05:00,credit_card,1873 main st,6.95,33.37,1.55,249.34
ord_00597,cust_0200,prod_011,2023-06-06 15:44:00,debit_card,5703 pine rd,21.38,17.6,0.0,198.29
ord_00598,cust_0026,prod_188,,paypal,1238 main st,22.35,45.38,33.02,821.46
ord_00599,cust_0251,prod_090,2023-03-13 02:39:00,paypal,7931 oak ave,23.06,50.06,0.0,114.56
ord_00600,cust_0347,prod_186,2023-03-18 18:07:00,cash,1230 oak ave,19.37,46.43,1.82,236.46
ord_00601,cust_0386,prod_123,2023-08-18 08:59:00,credit_card,3388 main st,19.41,47.33,0.0,405.34
ord_00602,cust_0385,prod_120,2023-03-23 13:58:00,debit_card,8026 main st,12.16,45.19,0.0,402.65
ord_00603,cust_0357,prod_034,,credit_card,4314 main st,0.0,25.83,0.0,108.07
ord_00604,cust_0257,prod_146,2023-04-14 01:57:00,paypal,6638 oak ave,0.0,4.31,0.0,387.09
ord_00605,cust_0101,prod_198,,credit_card,2012 pine rd,22.16,32.63,5.5,355.12
ord_00606,cust_0280,prod_103,,paypal,2739 pine rd,0.0,40.12,0.0,768.95
ord_00607,cust_0382,prod_049,2023-06-22 08:44:00,bank_transfer,5114 oak ave,24.51,12.35,0.0,62.58
ord_00608,cust_0388,prod_062,2023-06-27 14:18:00,bank_transfer,8259 pine rd,0.0,25.52,0.0,320.88
ord_00609,cust_0441,prod_103,2023-04-10 01:37:00,paypal,6655 oak ave,20.51,48.44,0.0,83.16
ord_00610,cust_0338,prod_123,,bank_transfer,4191 oak ave,6.59,26.63,0.0,430.15
ord_00611,cust_0318,prod_177,2023-11-27 11:25:00,paypal,7969 oak ave,0.0,32.44,0.0,557.02
ord_00612,cust_0230,prod_034,2023-09-24 03:00:00,paypal,6503 pine rd,9.08,29.37,33.5,124.92
ord_00613,cust_0047,prod_127,,bank_transfer,1738 oak ave,15.36,3.56,0.0,290.97
ord_00614,cust_0002,prod_027,2023-12-11 20:32:00,debit_card,2738 main st,17.25,51.05,0.0,297.47
ord_00615,cust_0211,prod_164,2023-05-17 08:17:00,debit_card,276 main st,7.05,48.03,26.95,203.56
ord_00616,cust_0004,prod_108,2023-06-10 09:31:00,paypal,3523 main st,0.0,42.89,40.89,792.99
ord_00617,cust_0082,prod_102,2023-06-21 21:48:00,credit_card,8562 main st,21.62,43.35,0.0,548.06
ord_00618,cust_0370,prod_112,2023-03-01 05:13:00,debit_card,223 oak ave,6.99,37.43,22.79,149.59
ord_00619,cust_0279,prod_080,2023-11-01 11:11:00,cash,2768 pine rd,23.3,50.07,0.0,717.13
ord_00620,cust_0445,prod_182,2023-08-16 03:11:00,paypal,8580 pine rd,7.63,31.94,0.0,52.28
ord_00621,cust_0465,prod_137,2023-10-23 19:48:00,bank_transfer,3900 main st,7.72,40.06,14.87,750.45
ord_00622,cust_0141,prod_153,2023-05-27 01:36:00,cash,5052 main st,24.01,19.11,0.0,66.54
ord_00623,cust_0477,prod_031,2023-11-03 11:17:00,paypal,4730 main st,0.0,44.37,0.0,629.62
ord_00624,cust_0443,prod_015,2023-11-01 06:59:00,bank_transfer,9537 pine rd,5.27,41.47,0.0,224.05
ord_00625,cust_0047,prod_032,2023-02-13 21:46:00,debit_card,6708 pine rd,24.51,40.76,0.0,836.61
ord_00626,cust_0368,prod_121,2023-11-02 20:34:00,paypal,9845 main st,6.9,32.66,0.0,125.27
ord_00627,cust_0375,prod_009,2023-08-06 23:19:00,bank_transfer,8620 main st,6.34,36.38,0.0,474.95
ord_00628,cust_0245,prod_027,2023-05-14 20:39:00,cash,8982 oak ave,0.0,2.54,0.0,599.35
ord_00629,cust_0139,prod_176,2023-03-13 10:43:00,bank_transfer,7504 oak ave,21.13,26.41,0.0,634.3
ord_00630,cust_0137,prod_098,2023-10-15 01:14:00,credit_card,6776 main st,21.2,22.15,0.0,457.64
ord_00631,cust_0489,prod_158,2023-05-26 17:46:00,paypal,872 pine rd,0.0,22.09,0.0,170.84
ord_00632,cust_0448,prod_124,,credit_card,7459 oak ave,16.52,32.43,0.0,658.02
ord_00633,cust_0112,prod_021,2023-02-06 07:00:00,bank_transfer,958 main st,0.0,34.4,43.99,666.89
ord_00634,cust_0480,prod_107,2023-11-26 19:09:00,credit_card,5298 main st,9.43,14.95,0.0,491.84
ord_00635,cust_0496,prod_192,,cash,4568 oak ave,0.0,28.22,0.0,518.59
ord_00636,cust_0317,prod_100,2023-10-05 14:29:00,debit_card,908 main st,5.5,24.56,32.33,548.43
ord_00637,cust_0068,prod_008,2023-08-24 12:06:00,debit_card,8765 pine rd,15.73,4.28,0.0,699.74
ord_00638,cust_0225,prod_006,2023-10-14 01:40:00,paypal,5171 oak ave,13.75,37.76,36.4,236.0
ord_00639,cust_0365,prod_034,2023-12-03 20:57:00,bank_transfer,8105 pine rd,21.2,20.02,0.0,331.74
ord_00640,cust_0370,prod_159,2023-12-17 19:36:00,debit_card,4631 main st,20.62,18.56,10.14,435.6
ord_00641,cust_0326,prod_061,2023-05-05 16:05:00,cash,3233 oak ave,0.0,4.31,0.0,469.69
ord_00642,cust_0255,prod_100,2023-01-28 01:14:00,cash,2605 pine rd,0.0,15.17,0.0,601.54
ord_00643,cust_0054,prod_057,2023-09-07 07:51:00,paypal,7289 main st,22.22,35.87,33.09,259.01
ord_00644,cust_0093,prod_095,2023-12-17 09:02:00,paypal,7333 oak ave,0.0,47.95,23.84,89.75
ord_00645,cust_0100,prod_143,2023-01-24 06:30:00,debit_card,3188 main st,20.46,43.14,6.03,354.77
ord_00646,cust_0360,prod_022,2023-04-15 16:40:00,paypal,6800 main st,15.52,43.42,0.0,809.41
ord_00647,cust_0463,prod_162,2023-10-03 18:57:00,credit_card,9690 pine rd,6.04,26.21,0.0,689.78
ord_00648,cust_0246,prod_009,2023-06-05 17:48:00,cash,3190 pine rd,24.67,23.93,0.0,355.34
ord_00649,cust_0219,prod_016,2023-09-23 21:45:00,bank_transfer,2018 main st,19.74,18.56,0.0,345.88
ord_00650,cust_0497,prod_132,2023-09-13 17:46:00,credit_card,409 main st,8.54,38.86,0.0,280.56
ord_00651,cust_0207,prod_056,2023-08-01 05:13:00,bank_transfer,3160 pine rd,0.0,25.3,0.0,67.64
ord_00652,cust_0434,prod_083,,debit_card,55 main st,20.88,41.95,29.61,837.32
ord_00653,cust_0452,prod_168,2023-08-16 04:57:00,credit_card,2763 oak ave,24.0,22.56,0.0,696.13
ord_00654,cust_0370,prod_058,2023-09-20 20:55:00,paypal,5685 main st,24.42,4.79,9.44,405.33
ord_00655,cust_0240,prod_110,2023-05-06 08:59:00,cash,3930 oak ave,0.0,16.88,0.0,440.83
ord_00656,cust_0408,prod_097,2023-03-07 20:26:00,paypal,2122 main st,12.09,47.93,10.51,233.2
ord_00657,cust_0210,prod_055,2023-07-02 23:06:00,paypal,7048 pine rd,0.0,33.57,0.0,190.17
ord_00658,cust_0276,prod_015,,paypal,2692 pine rd,5.02,27.85,0.0,656.66
ord_00659,cust_0029,prod_062,2023-01-24 08:23:00,cash,990 pine rd,14.09,20.77,0.0,521.03
ord_00660,cust_0462,prod_128,2023-12-20 02:02:00,credit_card,4497 pine rd,23.59,48.93,0.0,647.61
ord_00661,cust_0462,prod_195,2023-03-19 03:50:00,credit_card,4368 main st,21.27,49.29,0.0,517.99
ord_00662,cust_0069,prod_032,2023-04-10 05:11:00,bank_transfer,6430 main st,0.0,3.95,0.0,807.37
ord_00663,cust_0485,prod_030,2023-10-02 12:14:00,paypal,8458 main st,0.0,19.21,0.0,420.83
ord_00664,cust_0399,prod_034,2023-12-19 04:33:00,credit_card,5465 main st,18.75,7.06,0.0,244.34
ord_00665,cust_0374,prod_120,2023-05-28 05:25:00,debit_card,3858 pine rd,0.0,30.33,0.0,837.71
ord_00666,cust_0234,prod_175,2023-02-21 20:30:00,debit_card,1432 pine rd,7.15,9.71,0.0,281.5
ord_00667,cust_0226,prod_029,,bank_transfer,6480 oak ave,14.71,8.83,7.5,44.68
ord_00668,cust_0176,prod_094,2023-02-02 12:09:00,bank_transfer,2861 oak ave,12.26,9.27,0.0,615.73
ord_00669,cust_0146,prod_142,2023-04-28 04:11:00,cash,2143 main st,16.87,15.15,0.0,486.83
ord_00670,cust_0432,prod_058,2023-08-08 04:54:00,credit_card,6558 pine rd,22.57,31.99,0.0,94.05
ord_00671,cust_0147,prod_001,2023-08-09 19:58:00,paypal,8904 oak ave,21.14,48.12,0.0,73.83
ord_00672,cust_0078,prod_157,2023-12-13 01:22:00,bank_transfer,1927 oak ave,16.11,13.93,0.0,296.08
ord_00673,cust_0173,prod_185,2023-11-24 16:05:00,bank_transfer,798 pine rd,5.9,30.02,0.0,650.96
ord_00674,cust_0290,prod_132,,debit_card,3709 main st,6.75,40.53,8.92,709.14
ord_00675,cust_0384,prod_020,2023-10-05 00:13:00,paypal,314 pine rd,12.66,28.69,0.0,420.27
ord_00676,cust_0436,prod_199,2023-03-08 16:39:00,debit_card,9045 main st,22.85,6.81,0.0,480.36
ord_00677,cust_0417,prod_120,,cash,1348 main st,23.3,33.19,0.0,99.12
ord_00678,cust_0084,prod_041,2023-08-25 22:32:00,cash,4958 pine rd,22.52,35.0,0.0,306.63
ord_00679,cust_0151,prod_006,2023-03-27 08:15:00,debit_card,9213 oak ave,12.9,38.23,39.93,130.85
ord_00680,cust_0090,prod_161,2023-02-25 23:51:00,cash,2630 main st,20.92,47.39,0.0,237.85
ord_00681,cust_0488,prod_017,2023-07-27 12:07:00,credit_card,3914 pine rd,0.0,45.98,0.0,400.06
ord_00682,cust_0480,prod_059,,debit_card,8372 pine rd,16.14,6.04,0.0,278.72
ord_00683,cust_0129,prod_077,,bank_transfer,4107 main st,11.95,37.58,0.0,465.65
ord_00684,cust_0488,prod_130,,debit_card,2921 pine rd,23.04,48.16,0.0,166.68
ord_00685,cust_0348,prod_062,2023-05-25 20:11:00,bank_transfer,6257 main st,19.41,38.02,0.0,537.06
ord_00686,cust_0025,prod_124,2023-10-16 09:21:00,bank_transfer,6775 oak ave,7.59,30.06,24.86,192.6
ord_00687,cust_0259,prod_167,2023-02-06 04:20:00,paypal,7591 oak ave,17.99,49.49,0.0,725.13
ord_00688,cust_0465,prod_081,2023-10-24 23:56:00,bank_transfer,2029 main st,7.6,32.22,0.0,735.61
ord_00689,cust_0179,prod_152,2023-11-28 10:42:00,paypal,379 oak ave,18.73,23.12,19.98,710.06
ord_00690,cust_0040,prod_122,,credit_card,4522 pine rd,0.0,44.85,0.0,552.9
ord_00691,cust_0050,prod_018,2023-06-26 09:40:00,cash,1341 pine rd,9.61,23.54,0.0,216.93
ord_00692,cust_0246,prod_035,2023-09-01 18:20:00,cash,3351 pine rd,0.0,49.88,0.0,258.54
ord_00693,cust_0267,prod_189,2023-11-07 11:09:00,credit_card,7809 oak ave,24.64,32.48,0.0,469.45
ord_00694,cust_0293,prod_047,,debit_card,9906 oak ave,23.3,37.23,26.52,767.81
ord_00695,cust_0220,prod_143,2023-04-19 13:20:00,credit_card,3707 main st,0.0,10.42,0.0,149.0
ord_00696,cust_0486,prod_172,2023-10-14 17:51:00,debit_card,7448 oak ave,7.31,49.77,0.0,413.79
ord_00697,cust_0141,prod_164,,credit_card,2373 pine rd,24.79,39.99,43.64,344.86
ord_00698,cust_0277,prod_045,2023-03-21 19:20:00,debit_card,2369 oak ave,20.13,44.25,20.34,668.3
ord_00699,cust_0383,prod_016,2023-01-11 20:06:00,cash,6245 oak ave,6.34,41.39,0.0,422.07
ord_00700,cust_0119,prod_049,2023-03-03 12:23:00,paypal,1579 pine rd,18.19,41.02,42.17,728.41
ord_00701,cust_0033,prod_014,2023-06-20 15:37:00,credit_card,5027 main st,19.71,22.69,30.41,610.18
ord_00702,cust_0132,prod_132,2023-12-08 08:20:00,cash,6225 main st,7.47,10.2,0.0,504.02
ord_00703,cust_0424,prod_179,2023-05-11 12:15:00,cash,6336 oak ave,24.66,45.14,0.0,807.05
ord_00704,cust_0439,prod_100,2023-03-27 17:04:00,cash,3676 oak ave,6.04,20.06,0.0,809.67
ord_00705,cust_0077,prod_090,2023-09-25 14:00:00,cash,4924 main st,0.0,16.65,0.0,774.03
ord_00706,cust_0478,prod_136,2023-04-02 16:38:00,paypal,5265 pine rd,17.46,4.34,36.4,675.47
ord_00707,cust_0222,prod_064,2023-07-28 01:41:00,bank_transfer,7394 main st,9.24,7.13,32.84,151.34
ord_00708,cust_0486,prod_052,2023-02-23 23:18:00,paypal,4735 main st,22.91,50.23,31.51,620.53
ord_00709,cust_0236,prod_147,2023-06-24 16:42:00,credit_card,6319 pine rd,21.67,13.59,0.0,708.73
ord_00710,cust_0361,prod_095,,paypal,9733 pine rd,15.41,12.48,0.0,639.27
ord_00711,cust_0046,prod_098,2023-02-23 05:28:00,paypal,5886 pine rd,19.9,9.76,0.0,417.02
ord_00712,cust_0312,prod_149,2023-07-18 19:02:00,bank_transfer,8873 oak ave,13.55,44.35,35.12,291.8
ord_00713,cust_0414,prod_104,,cash,8335 pine rd,24.56,43.43,0.0,352.05
ord_00714,cust_0433,prod_108,2023-11-27 08:34:00,debit_card,6396 main st,13.75,11.85,0.0,804.01
ord_00715,cust_0410,prod_130,2023-03-26 20:44:00,debit_card,2250 pine rd,5.24,24.65,0.0,112.77
ord_00716,cust_0210,prod_117,2023-08-12 13:33:00,debit_card,1038 pine rd,11.8,18.2,0.0,729.75
ord_00717,cust_0455,prod_157,2023-06-19 18:27:00,bank_transfer,3516 pine rd,24.75,51.27,0.0,148.56
ord_00718,cust_0420,prod_076,2023-05-12 07:30:00,debit_card,9059 pine rd,19.89,12.84,12.47,510.05
ord_00719,cust_0187,prod_074,2023-10-10 20:57:00,bank_transfer,9007 main st,13.35,8.08,14.86,183.63
ord_00720,cust_0382,prod_002,2023-12-21 17:33:00,cash,3560 pine rd,0.0,37.94,0.0,483.85
ord_00721,cust_0230,prod_096,2023-05-04 20:39:00,cash,458 pine rd,8.9,19.03,0.0,184.96
ord_00722,cust_0328,prod_005,2023-09-30 21:17:00,credit_card,3982 pine rd,0.0,8.31,0.0,406.89
ord_00723,cust_0235,prod_114,2023-11-03 23:10:00,debit_card,2261 pine rd,9.11,37.45,0.0,390.8
ord_00724,cust_0099,prod_178,2023-12-19 16:17:00,cash,7910 pine rd,13.54,15.88,0.0,479.56
ord_00725,cust_0134,prod_042,2023-06-20 17:52:00,credit_card,1980 pine rd,0.0,21.05,0.0,364.47
ord_00726,cust_0282,prod_029,2023-01-10 15:46:00,credit_card,3204 pine rd,0.0,13.24,0.0,679.53
ord_00727,cust_0039,prod_041,2023-11-28 02:16:00,credit_card,4985 oak ave,22.89,3.98,0.0,424.26
ord_00728,cust_0197,prod_002,2023-11-02 03:51:00,debit_card,3301 main st,12.48,3.76,0.0,414.85
ord_00729,cust_0279,prod_010,2023-02-01 02:57:00,debit_card,1159 main st,19.71,51.09,0.0,272.36
ord_00730,cust_0364,prod_005,2023-01-21 16:57:00,credit_card,3078 main st,0.0,16.63,8.05,303.81
ord_00731,cust_0061,prod_156,2023-07-08 05:09:00,debit_card,8046 main st,22.42,44.79,9.75,66.24
ord_00732,cust_0069,prod_011,2023-07-24 04:13:00,debit_card,240 main st,10.33,18.81,0.0,404.05
ord_00733,cust_0124,prod_141,2023-04-13 15:56:00,debit_card,3686 main st,14.83,14.01,38.15,454.99
ord_00734,cust_0356,prod_030,2023-12-05 07:32:00,debit_card,9381 pine rd,7.64,35.64,0.0,776.23
ord_00735,cust_0500,prod_077,2023-04-11 19:22:00,cash,9236 main st,16.44,46.08,0.0,773.98
ord_00736,cust_0072,prod_174,2023-01-17 10:47:00,bank_transfer,5915 main st,12.83,9.08,0.0,258.23
ord_00737,cust_0270,prod_088,2023-10-06 09:39:00,bank_transfer,6149 main st,19.37,51.65,43.43,524.39
ord_00738,cust_0161,prod_075,2023-12-04 06:22:00,paypal,2022 oak ave,0.0,51.24,42.88,519.46
ord_00739,cust_0069,prod_151,2023-10-16 19:34:00,paypal,7059 pine rd,9.32,16.76,0.0,127.88
ord_00740,cust_0291,prod_011,2023-11-20 12:08:00,debit_card,5495 oak ave,10.08,28.29,0.0,626.27
ord_00741,cust_0011,prod_047,2023-01-09 13:44:00,cash,1283 pine rd,11.06,47.21,0.0,355.39
ord_00742,cust_0215,prod_138,2023-08-06 09:22:00,cash,7669 oak ave,7.53,34.23,28.86,153.36
ord_00743,cust_0011,prod_046,2023-07-19 05:13:00,paypal,9961 oak ave,0.0,47.09,0.0,311.31
ord_00744,cust_0070,prod_011,2023-04-12 20:38:00,cash,2737 pine rd,9.14,38.58,0.0,76.58
ord_00745,cust_0364,prod_134,2023-02-08 03:00:00,paypal,4815 pine rd,7.38,6.5,0.0,468.9
ord_00746,cust_0433,prod_062,2023-08-27 08:38:00,paypal,8720 oak ave,24.27,15.72,0.0,703.04
ord_00747,cust_0196,prod_012,2023-04-28 04:27:00,credit_card,9240 pine rd,18.59,4.71,4.87,119.53
ord_00748,cust_0126,prod_188,2023-12-15 03:48:00,bank_transfer,2598 main st,0.0,2.41,0.0,237.11
ord_00749,cust_0489,prod_128,2023-05-18 04:53:00,cash,6773 oak ave,21.65,26.78,0.0,578.87
ord_00750,cust_0013,prod_173,,paypal,9361 pine rd,0.0,19.05,0.0,146.83
ord_00751,cust_0434,prod_145,2023-12-08 04:39:00,paypal,8483 pine rd,13.52,36.76,0.0,761.86
ord_00752,cust_0183,prod_092,2023-06-11 07:42:00,bank_transfer,2874 oak ave,11.53,51.02,0.0,79.48
ord_00753,cust_0320,prod_157,,cash,5439 pine rd,0.0,27.09,0.0,641.04
ord_00754,cust_0061,prod_143,,cash,5981 pine rd,8.23,39.46,14.67,43.37
ord_00755,cust_0231,prod_099,2023-11-03 02:28:00,debit_card,5146 pine rd,0.0,8.86,0.0,592.53
ord_00756,cust_0029,prod_048,2023-04-18 21:57:00,debit_card,872 pine rd,0.0,22.95,0.0,126.38
ord_00757,cust_0474,prod_006,2023-10-14 12:28:00,debit_card,8242 main st,9.89,5.77,0.0,416.96
ord_00758,cust_0458,prod_090,2023-03-16 21:09:00,paypal,2418 pine rd,15.1,33.78,11.58,504.1
ord_00759,cust_0295,prod_113,2023-09-13 23:11:00,debit_card,6535 oak ave,0.0,14.07,0.0,282.66
ord_00760,cust_0224,prod_046,2023-05-18 11:38:00,cash,1987 main st,22.43,5.24,0.0,207.99
ord_00761,cust_0143,prod_041,2023-09-27 01:47:00,credit_card,7270 pine rd,0.0,16.56,0.0,90.44
ord_00762,cust_0469,prod_111,2023-10-01 06:06:00,bank_transfer,9135 oak ave,15.93,34.76,10.59,612.22
ord_00763,cust_0162,prod_022,2023-09-26 10:01:00,paypal,2023 main st,0.0,51.63,0.0,821.79
ord_00764,cust_0459,prod_008,2023-08-22 14:02:00,paypal,7075 main st,19.22,38.11,1.07,523.9
ord_00765,cust_0029,prod_141,2023-04-26 05:59:00,debit_card,9430 main st,0.0,19.94,0.0,397.23
ord_00766,cust_0313,prod_053,,credit_card,9286 pine rd,9.29,28.66,0.0,260.43
ord_00767,cust_0304,prod_048,2023-06-28 07:57:00,debit_card,7145 oak ave,22.24,13.33,45.71,380.74
ord_00768,cust_0285,prod_119,2023-06-15 11:49:00,bank_transfer,3628 oak ave,0.0,21.2,0.0,533.36
ord_00769,cust_0020,prod_055,2023-08-18 07:44:00,bank_transfer,2462 oak ave,11.38,23.0,0.0,179.41
ord_00770,cust_0246,prod_125,2023-08-09 14:28:00,debit_card,9951 pine rd,0.0,32.57,0.0,664.81
ord_00771,cust_0178,prod_077,2023-07-12 01:07:00,cash,9822 pine rd,11.25,51.24,29.25,242.33
ord_00772,cust_0319,prod_198,,cash,5577 oak ave,0.0,7.57,9.85,141.15
ord_00773,cust_0246,prod_024,2023-05-17 00:18:00,bank_transfer,8991 oak ave,22.09,29.08,25.2,822.22
ord_00774,cust_0396,prod_022,2023-08-28 08:11:00,bank_transfer,1714 pine rd,0.0,45.94,30.96,326.31
ord_00775,cust_0001,prod_159,2023-10-17 07:40:00,credit_card,6832 main st,15.9,49.5,43.07,481.92
ord_00776,cust_0117,prod_025,2023-06-12 21:23:00,bank_transfer,3639 pine rd,23.24,5.99,23.08,695.51
ord_00777,cust_0277,prod_088,2023-03-07 05:05:00,cash,6144 pine rd,0.0,24.98,17.03,715.95
ord_00778,cust_0091,prod_082,2023-11-02 01:45:00,bank_transfer,2394 oak ave,17.35,31.32,0.0,641.65
ord_00779,cust_0315,prod_051,2023-11-30 19:01:00,paypal,6439 main st,0.0,17.56,0.0,311.41
ord_00780,cust_0018,prod_023,2023-10-05 13:53:00,cash,5651 pine rd,23.46,37.96,35.73,206.12
ord_00781,cust_0304,prod_033,,paypal,3536 pine rd,14.66,49.15,0.0,42.4
ord_00782,cust_0317,prod_189,2023-05-16 23:11:00,debit_card,6878 main st,0.0,30.05,0.0,542.68
ord_00783,cust_0090,prod_051,2023-01-14 08:04:00,credit_card,2962 pine rd,21.66,35.84,29.03,685.44
ord_00784,cust_0221,prod_174,2023-08-15 04:01:00,bank_transfer,6705 main st,13.21,2.31,25.82,517.63
ord_00785,cust_0011,prod_188,2023-10-06 03:16:00,bank_transfer,2564 oak ave,22.5,4.54,0.0,630.75
ord_00786,cust_0161,prod_164,2023-07-05 22:33:00,credit_card,9621 pine rd,14.36,16.8,0.0,794.99
ord_00787,cust_0422,prod_032,2023-10-01 08:47:00,credit_card,1143 main st,10.02,5.65,0.0,565.88
ord_00788,cust_0002,prod_104,2023-10-21 13:27:00,bank_transfer,2080 main st,7.04,22.95,0.0,195.35
ord_00789,cust_0147,prod_031,2023-05-04 22:55:00,paypal,978 pine rd,5.71,37.16,31.99,735.09
ord_00790,cust_0045,prod_197,,bank_transfer,4857 pine rd,16.6,51.08,0.7,380.74
ord_00791,cust_0162,prod_094,2023-11-07 06:49:00,debit_card,2430 main st,15.75,38.31,0.0,794.44
ord_00792,cust_0270,prod_016,2023-08-23 20:47:00,cash,7433 oak ave,17.6,51.72,0.0,154.52
ord_00793,cust_0234,prod_110,,cash,2649 oak ave,0.0,38.83,26.81,397.98
ord_00794,cust_0015,prod_023,2023-07-03 08:00:00,debit_card,2351 oak ave,10.89,40.45,3.8,585.42
ord_00795,cust_0217,prod_109,2023-08-15 18:43:00,debit_card,3929 main st,6.65,41.06,32.23,513.84
ord_00796,cust_0241,prod_149,2023-03-25 00:26:00,cash,8178 oak ave,5.86,14.27,34.62,433.52
ord_00797,cust_0095,prod_116,2023-10-20 12:59:00,bank_transfer,9362 main st,22.92,6.58,0.0,617.88
ord_00798,cust_0473,prod_116,2023-10-27 20:55:00,credit_card,2615 oak ave,0.0,17.76,11.03,577.94
ord_00799,cust_0016,prod_084,2023-11-04 12:41:00,credit_card,5940 main st,17.14,19.44,0.0,396.19
ord_00800,cust_0161,prod_048,2023-04-27 02:10:00,credit_card,7474 pine rd,6.34,35.34,0.0,153.75
ord_00801,cust_0174,prod_090,,cash,7768 pine rd,12.06,11.26,0.0,323.1
ord_00802,cust_0013,prod_002,2023-06-27 08:58:00,credit_card,1618 main st,17.04,18.35,0.0,831.57
ord_00803,cust_0492,prod_103,2023-06-27 22:17:00,bank_transfer,8049 pine rd,13.64,41.15,3.45,799.26
ord_00804,cust_0324,prod_019,2023-10-11 01:58:00,cash,8124 pine rd,11.23,42.54,2.62,698.25
ord_00805,cust_0486,prod_098,2023-04-10 11:53:00,bank_transfer,30 pine rd,5.18,34.52,43.23,425.33
ord_00806,cust_0058,prod_109,2023-02-01 22:13:00,debit_card,7087 oak ave,9.07,38.21,47.0,395.39
ord_00807,cust_0132,prod_180,2023-09-27 06:19:00,cash,1706 main st,14.68,44.17,27.22,827.72
ord_00808,cust_0391,prod_091,2023-10-02 18:48:00,bank_transfer,7087 oak ave,10.35,7.32,32.36,496.51
ord_00809,cust_0063,prod_169,2023-07-20 08:58:00,credit_card,6380 main st,6.55,33.85,14.01,598.61
ord_00810,cust_0362,prod_188,2023-06-26 18:17:00,credit_card,5788 oak ave,0.0,42.54,8.65,692.37
ord_00811,cust_0070,prod_148,,paypal,5592 pine rd,11.23,9.18,0.0,381.6
ord_00812,cust_0245,prod_087,2023-08-15 07:45:00,bank_transfer,9220 pine rd,13.95,37.44,16.66,529.25
ord_00813,cust_0375,prod_042,2023-04-10 06:43:00,paypal,7018 oak ave,11.47,20.24,0.0,598.98
ord_00814,cust_0088,prod_151,2023-07-15 23:40:00,debit_card,3019 oak ave,23.37,44.61,0.0,173.88
ord_00815,cust_0354,prod_022,2023-01-02 05:50:00,cash,6382 main st,0.0,28.88,0.0,233.91
ord_00816,cust_0311,prod_182,,paypal,8361 main st,13.34,47.53,0.0,720.62
ord_00817,cust_0260,prod_183,2023-11-21 10:56:00,cash,3503 main st,17.1,4.79,0.0,450.8
ord_00818,cust_0458,prod_103,,cash,5256 main st,14.78,10.47,4.89,229.7
ord_00819,cust_0291,prod_053,2023-05-06 20:06:00,credit_card,5510 oak ave,0.0,43.99,4.12,806.28
ord_00820,cust_0464,prod_001,2023-12-25 14:08:00,debit_card,9816 oak ave,0.0,4.36,0.0,415.09
ord_00821,cust_0181,prod_052,2023-03-26 21:44:00,debit_card,2454 main st,23.99,16.98,0.0,632.19
ord_00822,cust_0088,prod_184,2023-08-18 16:07:00,cash,1591 oak ave,9.09,20.78,0.0,406.83
ord_00823,cust_0060,prod_038,,cash,7593 pine rd,0.0,6.92,0.0,439.53
ord_00824,cust_0152,prod_113,2023-12-26 12:04:00,bank_transfer,3602 pine rd,14.0,33.44,0.0,70.49
ord_00825,cust_0131,prod_106,2023-04-23 06:10:00,bank_transfer,6202 main st,0.0,7.36,22.58,95.96
ord_00826,cust_0325,prod_156,2023-10-09 01:20:00,cash,2995 main st,5.78,44.55,0.0,640.08
ord_00827,cust_0175,prod_128,2023-12-10 18:35:00,bank_transfer,2544 main st,23.71,49.57,28.44,64.8
ord_00828,cust_0057,prod_074,2023-07-19 00:26:00,credit_card,6913 pine rd,18.71,41.13,0.0,768.35
ord_00829,cust_0264,prod_188,,cash,4425 pine rd,12.62,50.6,0.0,179.2
ord_00830,cust_0302,prod_198,2023-01-11 02:55:00,debit_card,2439 oak ave,0.0,31.95,0.0,230.66
ord_00831,cust_0407,prod_007,2023-05-01 14:00:00,paypal,4563 oak ave,10.9,34.18,0.0,325.7
ord_00832,cust_0362,prod_156,2023-06-05 23:47:00,bank_transfer,9044 main st,0.0,15.34,27.08,285.9
ord_00833,cust_0247,prod_143,2023-03-04 19:22:00,debit_card,1403 oak ave,22.28,45.66,0.0,650.87
ord_00834,cust_0165,prod_087,2023-01-19 14:16:00,bank_transfer,3297 oak ave,16.28,29.62,0.0,154.86
ord_00835,cust_0397,prod_138,,cash,6460 main st,23.14,9.89,23.59,717.41
ord_00836,cust_0229,prod_164,2023-10-01 10:49:00,credit_card,4707 oak ave,17.57,21.83,0.0,121.96
ord_00837,cust_0171,prod_149,,cash,4930 oak ave,13.47,23.09,14.14,160.5
ord_00838,cust_0067,prod_001,2023-04-21 08:48:00,credit_card,8001 pine rd,16.24,5.82,0.0,457.5
ord_00839,cust_0391,prod_001,2023-12-20 00:07:00,debit_card,1545 pine rd,14.82,7.52,0.0,308.1
ord_00840,cust_0130,prod_116,2023-05-15 14:54:00,debit_card,604 oak ave,6.04,18.26,0.0,395.55
ord_00841,cust_0213,prod_175,2023-08-04 13:08:00,paypal,6097 main st,21.69,37.03,0.0,552.47
ord_00842,cust_0491,prod_004,2023-08-16 08:44:00,credit_card,7317 oak ave,12.59,22.06,0.0,653.8
ord_00843,cust_0236,prod_153,,paypal,7199 oak ave,0.0,49.03,0.0,209.32
ord_00844,cust_0308,prod_031,2023-03-08 00:10:00,debit_card,2646 pine rd,21.22,15.56,0.0,131.78
ord_00845,cust_0378,prod_064,2023-03-23 15:21:00,paypal,5750 main st,0.0,37.86,0.0,576.96
ord_00846,cust_0158,prod_155,,debit_card,8705 pine rd,12.77,17.38,0.0,693.79
ord_00847,cust_0018,prod_053,2023-04-08 05:36:00,debit_card,7661 pine rd,20.04,37.94,7.64,268.92
ord_00848,cust_0090,prod_014,2023-09-04 12:54:00,credit_card,7685 pine rd,0.0,3.06,0.0,771.01
ord_00849,cust_0115,prod_114,2023-09-05 16:32:00,debit_card,7029 pine rd,0.0,48.83,0.0,678.12
ord_00850,cust_0099,prod_084,2023-03-27 06:01:00,bank_transfer,3533 pine rd,11.74,15.97,0.0,41.63
ord_00851,cust_0255,prod_050,,credit_card,5025 pine rd,20.39,34.26,40.22,277.33
ord_00852,cust_0367,prod_154,2023-04-26 11:43:00,bank_transfer,3844 oak ave,0.0,49.54,0.0,712.88
ord_00853,cust_0249,prod_194,2023-09-07 20:51:00,debit_card,7156 main st,0.0,28.04,0.0,276.15
ord_00854,cust_0371,prod_055,2023-02-09 12:04:00,credit_card,630 main st,12.39,33.78,0.0,269.88
ord_00855,cust_0092,prod_071,2023-11-01 03:17:00,credit_card,2060 main st,23.71,13.18,11.65,401.85
ord_00856,cust_0036,prod_114,2023-04-05 17:59:00,bank_transfer,4142 oak ave,22.0,50.9,0.0,263.61
ord_00857,cust_0047,prod_039,2023-10-31 21:04:00,credit_card,4845 pine rd,20.37,28.12,0.0,446.64
ord_00858,cust_0011,prod_043,2023-04-13 06:16:00,bank_transfer,4799 oak ave,19.89,12.84,0.0,298.42
ord_00859,cust_0034,prod_189,2023-12-12 15:55:00,cash,6724 main st,0.0,10.9,0.0,44.8
ord_00860,cust_0329,prod_178,2023-07-14 08:46:00,bank_transfer,5537 pine rd,20.09,5.47,47.52,791.26
ord_00861,cust_0297,prod_104,2023-06-15 05:42:00,cash,6638 pine rd,0.0,21.61,4.62,549.12
ord_00862,cust_0064,prod_166,2023-01-12 03:38:00,bank_transfer,1874 main st,7.37,46.18,0.0,74.5
ord_00863,cust_0243,prod_076,,credit_card,4115 pine rd,23.43,21.24,0.0,484.97
ord_00864,cust_0319,prod_030,2023-08-27 16:53:00,cash,7247 pine rd,0.0,31.88,0.0,298.15
ord_00865,cust_0323,prod_165,,debit_card,3214 pine rd,22.18,9.7,24.29,257.66
ord_00866,cust_0167,prod_160,,debit_card,5823 pine rd,7.33,41.31,0.0,444.37
ord_00867,cust_0248,prod_186,2023-03-09 18:15:00,credit_card,5381 main st,10.12,4.92,37.61,755.41
ord_00868,cust_0033,prod_183,2023-05-18 17:37:00,bank_transfer,6204 main st,23.3,39.37,17.76,299.01
ord_00869,cust_0088,prod_115,2023-08-18 18:43:00,cash,8504 pine rd,0.0,51.94,26.81,140.86
ord_00870,cust_0488,prod_019,2023-05-24 14:30:00,paypal,7292 main st,0.0,39.43,0.0,566.14
ord_00871,cust_0420,prod_160,,cash,6618 pine rd,0.0,43.51,0.0,113.12
ord_00872,cust_0030,prod_112,2023-04-15 18:22:00,credit_card,3063 oak ave,0.0,29.2,0.0,650.34
ord_00873,cust_0115,prod_175,2023-04-02 23:23:00,cash,1480 oak ave,5.52,36.95,49.4,167.59
ord_00874,cust_0077,prod_149,2023-01-14 07:59:00,credit_card,9705 oak ave,9.15,17.87,0.0,195.23
ord_00875,cust_0192,prod_085,2023-04-07 05:35:00,credit_card,5992 oak ave,15.75,3.12,42.69,49.97
ord_00876,cust_0024,prod_165,2023-10-18 12:51:00,bank_transfer,5885 oak ave,19.94,22.53,48.03,58.19
ord_00877,cust_0154,prod_056,2023-03-14 22:52:00,credit_card,7681 pine rd,23.6,32.22,0.0,648.45
ord_00878,cust_0068,prod_017,,debit_card,4612 oak ave,7.71,40.3,18.0,396.97
ord_00879,cust_0487,prod_042,,debit_card,2245 main st,0.0,48.34,18.98,707.74
ord_00880,cust_0396,prod_122,,bank_transfer,5937 main st,9.0,15.58,0.0,529.68
ord_00881,cust_0361,prod_002,,credit_card,3039 oak ave,0.0,30.14,0.0,92.23
ord_00882,cust_0037,prod_012,2023-02-03 14:30:00,paypal,5927 pine rd,0.0,37.69,36.52,448.72
ord_00883,cust_0005,prod_091,2023-10-10 01:23:00,bank_transfer,8347 pine rd,5.86,37.08,0.0,779.86
ord_00884,cust_0053,prod_082,2023-10-16 11:10:00,paypal,6089 main st,8.3,16.13,0.0,588.89
ord_00885,cust_0435,prod_057,2023-10-18 08:47:00,credit_card,955 oak ave,0.0,49.21,0.0,509.46
ord_00886,cust_0045,prod_061,2023-02-16 09:40:00,cash,5057 pine rd,24.54,23.27,0.0,551.42
ord_00887,cust_0278,prod_170,2023-12-15 10:55:00,bank_transfer,1490 pine rd,0.0,7.49,0.0,776.78
ord_00888,cust_0187,prod_195,2023-05-15 06:07:00,cash,1498 oak ave,24.99,22.25,0.0,770.4
ord_00889,cust_0169,prod_053,2023-05-17 04:47:00,bank_transfer,5162 pine rd,17.61,8.5,0.0,694.29
ord_00890,cust_0055,prod_067,2023-06-12 16:39:00,paypal,3947 main st,19.21,11.6,13.12,546.42
ord_00891,cust_0044,prod_141,2023-01-06 23:55:00,paypal,554 pine rd,6.61,5.57,0.0,534.37
ord_00892,cust_0371,prod_072,2023-01-05 08:37:00,paypal,3735 oak ave,0.0,44.91,25.62,160.78
ord_00893,cust_0314,prod_047,,bank_transfer,9564 pine rd,9.08,38.74,0.0,360.66
ord_00894,cust_0388,prod_115,2023-04-13 03:04:00,cash,2295 main st,19.38,47.46,0.0,830.08
ord_00895,cust_0200,prod_036,2023-09-03 02:37:00,cash,8924 main st,16.67,47.77,0.0,355.51
ord_00896,cust_0499,prod_162,2023-04-18 11:24:00,debit_card,1078 pine rd,22.75,30.89,12.26,349.2
ord_00897,cust_0139,prod_046,,cash,5729 main st,0.0,48.44,34.79,398.74
ord_00898,cust_0411,prod_005,2023-10-03 18:54:00,paypal,1911 pine rd,21.54,18.11,0.0,806.34
ord_00899,cust_0404,prod_143,2023-08-19 10:28:00,bank_transfer,5985 oak ave,19.02,19.3,0.0,324.06
ord_00900,cust_0135,prod_137,2023-09-12 17:11:00,bank_transfer,5498 oak ave,6.2,7.56,0.0,600.33
ord_00901,cust_0473,prod_042,2023-09-12 20:32:00,credit_card,1313 oak ave,0.0,9.46,0.0,615.53
ord_00902,cust_0247,prod_032,,paypal,8890 main st,16.66,5.93,38.46,631.92
ord_00903,cust_0010,prod_014,2023-02-07 19:19:00,credit_card,9205 pine rd,10.93,12.61,0.0,256.71
ord_00904,cust_0191,prod_079,2023-02-06 12:28:00,debit_card,3928 oak ave,15.34,33.43,0.0,735.69
ord_00905,cust_0197,prod_154,,debit_card,1635 oak ave,24.13,48.13,0.0,252.22
ord_00906,cust_0063,prod_058,2023-08-23 17:35:00,cash,749 oak ave,0.0,34.8,0.0,660.63
ord_00907,cust_0398,prod_034,2023-05-16 22:22:00,bank_transfer,6924 main st,24.49,14.76,11.43,187.73
ord_00908,cust_0245,prod_054,,bank_transfer,7996 pine rd,20.3,4.73,0.0,500.35
ord_00909,cust_0377,prod_168,2023-11-05 21:02:00,debit_card,5118 main st,0.0,7.17,0.0,500.25
ord_00910,cust_0439,prod_161,,credit_card,6324 oak ave,23.56,29.86,0.0,519.74
ord_00911,cust_0487,prod_069,2023-03-23 01:39:00,credit_card,4812 oak ave,10.58,35.42,0.0,794.53
ord_00912,cust_0067,prod_103,2023-05-20 16:51:00,cash,2938 oak ave,0.0,4.56,0.0,586.39
ord_00913,cust_0141,prod_181,2023-06-16 09:14:00,paypal,8455 main st,17.09,16.65,0.0,176.89
ord_00914,cust_0196,prod_198,2023-04-03 04:47:00,debit_card,890 oak ave,16.54,36.75,3.36,129.54
ord_00915,cust_0249,prod_195,2023-01-22 17:15:00,credit_card,4988 pine rd,7.7,29.57,0.0,48.43
ord_00916,cust_0162,prod_143,2023-05-28 08:15:00,cash,9181 oak ave,5.49,43.71,0.0,183.59
ord_00917,cust_0174,prod_124,,credit_card,5101 pine rd,6.71,32.39,0.0,63.38
ord_00918,cust_0171,prod_014,,debit_card,8515 pine rd,5.97,38.72,13.22,121.27
ord_00919,cust_0143,prod_168,2023-09-28 03:42:00,cash,2136 main st,8.83,28.67,0.0,673.83
ord_00920,cust_0154,prod_082,2023-02-25 21:15:00,bank_transfer,7521 main st,17.13,2.97,0.0,786.15
ord_00921,cust_0200,prod_137,2023-10-22 08:02:00,credit_card,1864 oak ave,22.5,3.49,22.33,64.18
ord_00922,cust_0161,prod_193,,bank_transfer,53 main st,0.0,25.31,4.1,819.45
ord_00923,cust_0223,prod_161,2023-02-10 16:31:00,debit_card,3225 main st,16.94,19.84,0.0,390.14
ord_00924,cust_0072,prod_178,2023-08-18 04:19:00,credit_card,9268 main st,20.76,7.75,0.0,229.44
ord_00925,cust_0112,prod_172,2023-11-17 23:01:00,credit_card,7892 oak ave,18.57,2.26,21.62,706.96
ord_00926,cust_0024,prod_007,2023-11-22 12:31:00,debit_card,6313 oak ave,22.31,21.43,48.18,344.75
ord_00927,cust_0240,prod_109,2023-01-23 07:58:00,cash,7282 main st,0.0,29.38,0.0,225.98
ord_00928,cust_0433,prod_177,2023-12-25 08:29:00,credit_card,2762 pine rd,0.0,37.2,0.0,228.36
ord_00929,cust_0404,prod_161,2023-02-27 21:41:00,credit_card,9951 main st,7.09,45.52,0.0,763.63
ord_00930,cust_0143,prod_134,2023-12-13 17:48:00,bank_transfer,6214 oak ave,8.95,20.86,0.0,721.07
ord_00931,cust_0320,prod_107,2023-06-28 11:42:00,paypal,9012 main st,0.0,32.39,0.0,434.95
ord_00932,cust_0189,prod_131,2023-07-02 03:08:00,bank_transfer,4901 oak ave,7.5,42.14,0.0,601.85
ord_00933,cust_0189,prod_183,2023-03-09 07:03:00,debit_card,891 pine rd,22.53,26.91,14.82,615.39
ord_00934,cust_0131,prod_021,2023-12-01 15:34:00,cash,8423 pine rd,9.1,22.27,0.0,704.73
ord_00935,cust_0310,prod_095,2023-05-03 15:56:00,credit_card,3357 oak ave,7.42,6.99,11.48,368.3
ord_00936,cust_0212,prod_085,,paypal,3961 pine rd,19.15,33.12,0.0,178.16
ord_00937,cust_0347,prod_181,2023-11-23 02:42:00,cash,5066 pine rd,15.03,38.32,4.5,43.57
ord_00938,cust_0314,prod_163,2023-07-02 05:40:00,debit_card,1838 pine rd,19.93,2.74,0.0,618.06
ord_00939,cust_0068,prod_188,2023-08-10 01:01:00,debit_card,5654 oak ave,13.36,32.6,0.0,506.37
ord_00940,cust_0139,prod_195,2023-12-11 14:02:00,paypal,9425 pine rd,0.0,11.65,0.0,323.62
ord_00941,cust_0372,prod_114,,paypal,4529 oak ave,6.85,18.53,25.22,392.94
ord_00942,cust_0230,prod_033,2023-06-13 05:28:00,cash,1697 pine rd,7.62,47.56,0.0,110.4
ord_00943,cust_0151,prod_090,2023-12-04 17:36:00,paypal,3112 oak ave,0.0,45.19,0.0,601.03
ord_00944,cust_0116,prod_189,2023-08-25 20:17:00,paypal,967 oak ave,23.46,2.8,0.0,715.39
ord_00945,cust_0427,prod_001,2023-07-02 21:50:00,paypal,1655 pine rd,14.92,51.34,0.0,282.8
ord_00946,cust_0103,prod_019,,debit_card,2937 pine rd,21.65,33.48,0.0,108.71
ord_00947,cust_0062,prod_137,2023-11-28 12:43:00,cash,6762 oak ave,21.24,2.8,0.0,81.17
ord_00948,cust_0126,prod_176,2023-11-21 03:32:00,debit_card,998 pine rd,20.7,20.92,0.0,399.77
ord_00949,cust_0280,prod_069,2023-12-05 05:35:00,paypal,5046 main st,0.0,26.67,0.0,81.3
ord_00950,cust_0425,prod_095,2023-10-13 02:25:00,credit_card,6206 pine rd,12.22,23.69,0.0,198.83
ord_00951,cust_0429,prod_191,2023-05-01 20:15:00,bank_transfer,3945 oak ave,22.76,11.91,0.0,613.4
ord_00952,cust_0376,prod_052,2023-09-22 21:38:00,credit_card,9908 pine rd,0.0,9.13,0.0,174.69
ord_00953,cust_0329,prod_036,2023-10-16 13:54:00,debit_card,5874 pine rd,0.0,26.32,37.82,326.75
ord_00954,cust_0063,prod_081,2023-08-06 05:28:00,paypal,7183 main st,19.21,32.73,33.06,708.87
ord_00955,cust_0362,prod_034,2023-01-05 11:33:00,debit_card,920 pine rd,17.56,6.32,40.21,807.85
ord_00956,cust_0221,prod_118,2023-11-10 04:06:00,paypal,6336 pine rd,7.45,30.6,0.0,197.74
ord_00957,cust_0033,prod_183,2023-06-03 10:07:00,cash,3096 pine rd,7.47,23.89,0.0,445.86
ord_00958,cust_0236,prod_177,2023-02-09 16:24:00,cash,7137 pine rd,21.77,48.55,0.0,689.45
ord_00959,cust_0206,prod_200,,debit_card,6543 pine rd,19.14,4.95,29.19,679.71
ord_00960,cust_0359,prod_174,2023-07-26 20:40:00,credit_card,7929 oak ave,0.0,25.66,0.0,642.62
ord_00961,cust_0017,prod_163,2023-02-16 12:06:00,bank_transfer,7672 main st,20.42,19.75,0.0,222.19
ord_00962,cust_0376,prod_010,2023-07-09 12:10:00,paypal,2046 main st,0.0,7.74,0.0,296.33
ord_00963,cust_0214,prod_007,2023-08-26 01:35:00,cash,6495 main st,21.31,30.98,0.0,398.38
ord_00964,cust_0387,prod_045,,cash,2509 pine rd,0.0,2.25,9.21,248.24
ord_00965,cust_0020,prod_180,2023-08-09 19:54:00,credit_card,3449 main st,22.01,38.16,0.0,307.14
ord_00966,cust_0450,prod_123,,bank_transfer,1203 main st,15.48,22.77,0.0,576.17
ord_00967,cust_0138,prod_091,2023-10-25 21:55:00,cash,4399 pine rd,5.06,23.84,5.54,338.75
ord_00968,cust_0211,prod_084,2023-12-03 09:35:00,cash,5982 pine rd,0.0,47.03,0.0,52.74
ord_00969,cust_0001,prod_118,2023-04-23 18:40:00,credit_card,2248 oak ave,10.9,20.61,0.0,656.19
ord_00970,cust_0210,prod_012,2023-01-18 07:10:00,paypal,7857 main st,21.2,3.53,0.0,315.05
ord_00971,cust_0344,prod_013,2023-01-23 23:52:00,credit_card,3864 pine rd,20.52,7.93,0.0,120.04
ord_00972,cust_0271,prod_003,2023-10-23 02:42:00,paypal,9407 pine rd,0.0,8.01,0.0,647.55
ord_00973,cust_0123,prod_180,2023-01-06 01:22:00,bank_transfer,84 main st,0.0,39.57,0.0,42.96
ord_00974,cust_0100,prod_171,2023-07-20 22:10:00,debit_card,4725 main st,7.63,6.08,0.0,517.65
ord_00975,cust_0470,prod_199,2023-08-04 22:35:00,bank_transfer,6262 pine rd,0.0,36.95,0.0,316.67
ord_00976,cust_0434,prod_181,2023-09-04 06:22:00,cash,7089 oak ave,20.18,44.89,49.86,549.14
ord_00977,cust_0421,prod_124,2023-12-04 20:38:00,cash,4360 pine rd,11.5,12.39,2.26,400.46
ord_00978,cust_0125,prod_110,,debit_card,2510 main st,14.91,47.67,0.0,807.08
ord_00979,cust_0493,prod_081,,paypal,7860 oak ave,24.68,15.92,0.0,223.56
ord_00980,cust_0408,prod_027,2023-02-06 02:07:00,paypal,3697 oak ave,0.0,33.66,34.81,786.74
ord_00981,cust_0207,prod_157,,bank_transfer,4429 oak ave,0.0,12.27,0.0,86.46
ord_00982,cust_0356,prod_018,2023-02-06 23:20:00,bank_transfer,320 pine rd,7.92,9.29,46.4,486.53
ord_00983,cust_0180,prod_014,2023-06-08 13:29:00,paypal,4244 main st,0.0,3.32,0.0,586.88
ord_00984,cust_0207,prod_161,2023-02-28 20:14:00,cash,2326 pine rd,9.24,43.19,0.0,379.07
ord_00985,cust_0343,prod_128,2023-01-08 23:49:00,cash,613 pine rd,0.0,39.26,0.0,365.03
ord_00986,cust_0281,prod_161,2023-09-14 15:35:00,debit_card,7429 oak ave,0.0,9.03,27.57,350.99
ord_00987,cust_0402,prod_105,2023-12-06 15:42:00,credit_card,9879 main st,17.6,12.27,0.0,94.19
ord_00988,cust_0426,prod_043,2023-05-13 19:46:00,paypal,55 pine rd,0.0,37.85,0.0,604.36
ord_00989,cust_0448,prod_094,2023-06-10 05:08:00,paypal,7652 oak ave,11.67,3.53,39.18,257.52
ord_00990,cust_0268,prod_102,2023-12-26 08:56:00,bank_transfer,8590 oak ave,14.46,23.01,0.0,452.63
ord_00991,cust_0118,prod_040,2023-03-15 18:59:00,paypal,2400 pine rd,18.79,45.79,0.0,64.02
ord_00992,cust_0181,prod_048,,bank_transfer,8048 pine rd,17.78,24.57,0.0,78.03
ord_00993,cust_0357,prod_167,,cash,4241 main st,8.12,15.39,43.63,829.84
ord_00994,cust_0108,prod_186,2023-09-23 08:50:00,cash,1873 main st,6.72,34.39,38.27,499.48
ord_00995,cust_0065,prod_098,2023-02-03 14:18:00,cash,1687 pine rd,0.0,33.06,22.59,437.79
ord_00996,cust_0057,prod_115,2023-07-24 20:56:00,bank_transfer,6302 oak ave,13.61,18.07,0.0,418.28
ord_00997,cust_0148,prod_060,2023-03-13 10:40:00,cash,3536 main st,22.19,19.61,0.0,834.17
ord_00998,cust_0369,prod_074,2023-07-10 01:25:00,cash,3728 main st,19.37,25.47,0.0,450.94
ord_00999,cust_0065,prod_160,2023-11-18 18:10:00,debit_card,4006 pine rd,19.81,50.16,8.55,818.68
ord_01000,cust_0392,prod_138,2023-04-20 00:52:00,debit_card,7672 main st,23.61,8.4,24.14,802.75
